nombre,vigente_2026_06_30,proyecto_2027,pagina_mensaje,precision
Ingresos Brutos,10938684600000,13279892300000,70,millones con una décima
Inmuebles,1146137400000,1454917600000,70,millones con una décima
Vehículos,615803900000,491794800000,70,millones con una décima
Sellos,1127797700000,1448901000000,70,millones con una décima
Electricidad,101854000000,131857400000,70,millones con una décima
Contribución ferroviaria,37644000000,48732900000,70,millones con una décima
Publicidad,12462000000,11428300000,70,millones con una décima
Grandes generadores de residuos,707000000,704700000,70,millones con una décima
Coparticipación federal,1810296600000,2225985000000,70,millones con una décima
