nombre,personal,consumo,transferencias,otros,capital
Educación,2800605694226,759198758558,705717321877,0,469974376564
Promoción y acción social,232638622849,311495204564,1678591566149,0,11797258165
Vivienda y Urbanismo,100789380542,78944304971,5633061899,0,641323087377
Transporte,26045446928,37729679277,50744434932,0,1133777549879
Seguridad interior,2136832658610,858750082315,36659821951,0,423098752666
Sistema penal,38951071214,27302446494,2858306770,0,69987965947
Cultura,156260865147,142039262075,28994792785,271809614,22961535711
Trabajo,34734935063,78797883821,72554473567,0,10568315673
Ecología,57249554399,147653317838,2727039881,0,313238777124
Servicios Urbanos,34633494891,1683553727229,0,0,365035475842
Agua potable y alcantarillado,15350717671,3887293875,0,0,189380265899
Turismo,4118083195,77169413014,0,0,41601461
Industria y Comercio,9328851181,35862105187,10315800799,0,162606078
