comuna,proyecto_2027,fuente
1,33947134822,"Planilla 34, anexas art.8, páginas 48–50 del anexo; entidad Comuna, no inversión total localizada"
2,15193040132,"Planilla 34, anexas art.8, páginas 48–50 del anexo; entidad Comuna, no inversión total localizada"
3,11877329705,"Planilla 34, anexas art.8, páginas 48–50 del anexo; entidad Comuna, no inversión total localizada"
4,25396450970,"Planilla 34, anexas art.8, páginas 48–50 del anexo; entidad Comuna, no inversión total localizada"
5,10189500849,"Planilla 34, anexas art.8, páginas 48–50 del anexo; entidad Comuna, no inversión total localizada"
6,13986534370,"Planilla 34, anexas art.8, páginas 48–50 del anexo; entidad Comuna, no inversión total localizada"
7,20408882894,"Planilla 34, anexas art.8, páginas 48–50 del anexo; entidad Comuna, no inversión total localizada"
8,22635971672,"Planilla 34, anexas art.8, páginas 48–50 del anexo; entidad Comuna, no inversión total localizada"
9,23307778898,"Planilla 34, anexas art.8, páginas 48–50 del anexo; entidad Comuna, no inversión total localizada"
10,18897566277,"Planilla 34, anexas art.8, páginas 48–50 del anexo; entidad Comuna, no inversión total localizada"
11,19932918873,"Planilla 34, anexas art.8, páginas 48–50 del anexo; entidad Comuna, no inversión total localizada"
12,33057973140,"Planilla 34, anexas art.8, páginas 48–50 del anexo; entidad Comuna, no inversión total localizada"
13,34881189300,"Planilla 34, anexas art.8, páginas 48–50 del anexo; entidad Comuna, no inversión total localizada"
14,42172791577,"Planilla 34, anexas art.8, páginas 48–50 del anexo; entidad Comuna, no inversión total localizada"
15,25941536169,"Planilla 34, anexas art.8, páginas 48–50 del anexo; entidad Comuna, no inversión total localizada"
