nombre,proyecto_2027,vigente_2026_06_30,devengado_2026_06_30
Legislativa,265093707021,219293900000.0,70811900000.0
Judicial,1802706124393,1421037200000.0,499082100000.0
Dirección ejecutiva,796937739595,611364000000.0,287094100000.0
Administración fiscal,284524286645,239453100000.0,108575700000.0
Control de la gestión,234278330184,194158800000.0,83228800000.0
Seguridad interior,3455341315542,2830768500000.0,1116490500000.0
Sistema penal,139099790425,88747300000.0,22038900000.0
Salud,3966268774382,3356553000000.0,1224578100000.0
Promoción y acción social,2234522651727,1843349300000.0,702462900000.0
Educación,4735496151225,3917113000000.0,1576030100000.0
Cultura,350528265332,314823600000.0,142937100000.0
Trabajo,196655608124,184547000000.0,43236000000.0
Vivienda y Urbanismo,826689834789,686540300000.0,229294000000.0
Agua potable y alcantarillado,208618277445,139615700000.0,45864300000.0
Servicios Urbanos,2083222697962,1784674600000.0,503612300000.0
Transporte,1248297111016,1186933600000.0,149624000000.0
Ecología,520868689242,465144800000.0,150162000000.0
Turismo,81329097670,55503100000.0,34872900000.0
Industria y Comercio,55669363245,43037700000.0,20034300000.0
Deuda Pública - Intereses y Gastos,608192783299,294493600000.0,94076000000.0
