id,nombre,observacio,direccion,barrio,comuna,telefono,web,geometry
1875,Centro de Día N° 24,,Yrupe 6701,Mataderos,Comuna 9,,https://buenosaires.gob.ar/vicejefatura/bienestar-integral/puntos-de-bienestar/centros-de-dia,POINT (-58.49670400000001 -34.667541000000014)
1877,Centro Cultural Palermo Grande,,Paraguay 5170,Palermo,Comuna 14,,https://buenosaires.gob.ar/vicejefatura/bienestar-integral/puntos-de-bienestar/centros-de-dia,POINT (-58.430724000000005 -34.579713999999996)
1878,Centro de Día Nº 7,,"Alberdi, Juan Bautista Av. 2908",Flores,Comuna 7,,https://buenosaires.gob.ar/vicejefatura/bienestar-integral/puntos-de-bienestar/centros-de-dia,POINT (-58.468749643407314 -34.63345988772265)
1879,Centro de Día Nº 31,,Segurola Av. 2140,Monte Castro,Comuna 10,,https://buenosaires.gob.ar/vicejefatura/bienestar-integral/puntos-de-bienestar/centros-de-dia,POINT (-58.50371517383853 -34.61673558629748)
1880,Centro de Día Nº 10,,2 De Abril De 1982 y Montiel,Villa Lugano,Comuna 8,,https://buenosaires.gob.ar/vicejefatura/bienestar-integral/puntos-de-bienestar/centros-de-dia,POINT (-58.49127213264465 -34.67829801950569)
1882,Centro de Día Nº 20,,Ceretti 3524,Villa Urquiza,Comuna 12,,https://buenosaires.gob.ar/vicejefatura/bienestar-integral/puntos-de-bienestar/centros-de-dia,POINT (-58.50208100000001 -34.56740799999999)
1883,Centro de Día Nº 16,,Guamini 5202,Villa Riachuelo,Comuna 8,11 2169 6695,https://buenosaires.gob.ar/vicejefatura/bienestar-integral/puntos-de-bienestar/centros-de-dia,POINT (-58.47351899659987 -34.690158304243035)
1886,Centro de Día Nº 27,,"Falcon, Ramon L.,Cnel. 4778",Villa Luro,Comuna 10,,https://buenosaires.gob.ar/vicejefatura/bienestar-integral/puntos-de-bienestar/centros-de-dia,POINT (-58.49442887473684 -34.63812819953642)
1887,Centro de Día Nº 15,,Jufre 346,Villa Crespo,Comuna 15,,https://buenosaires.gob.ar/vicejefatura/bienestar-integral/puntos-de-bienestar/centros-de-dia,POINT (-58.43194316964122 -34.59617826484752)
1888,Centro de Día Nº 3,,"Bonorino, Esteban, Cnel. Av. 897",Flores,Comuna 7,,https://buenosaires.gob.ar/vicejefatura/bienestar-integral/puntos-de-bienestar/centros-de-dia,POINT (-58.454760840303734 -34.63752593072952)
1889,Centro de Día Nº 29,,"Urquiza, Gral. 2247",Parque Patricios,Comuna 4,,https://buenosaires.gob.ar/vicejefatura/bienestar-integral/puntos-de-bienestar/centros-de-dia,POINT (-58.40768286315261 -34.63683207230944)
1890,Centro de Día N° 30,,"Posadas, Alejandro, Dr. 2760",Villa Devoto,Comuna 11,,https://buenosaires.gob.ar/vicejefatura/bienestar-integral/puntos-de-bienestar/centros-de-dia,POINT (-58.511817293422524 -34.615238783066665)
1891,Centro de Día Nº 12,,La Facultad 1772,Parque Avellaneda,Comuna 9,,https://buenosaires.gob.ar/vicejefatura/bienestar-integral/puntos-de-bienestar/centros-de-dia,POINT (-58.472977000000014 -34.651846000000006)
1892,Centro de Día Nº 1,,"Alcorta, Amancio Av. 1402",Barracas,Comuna 4,,https://buenosaires.gob.ar/vicejefatura/bienestar-integral/puntos-de-bienestar/centros-de-dia,POINT (-58.383589000000015 -34.633537)
1894,Centro de Día Nº 2,,"Garcia, Pedro A.,Cnel. 5606",Villa Lugano,Comuna 8,11 6868-4707,https://buenosaires.gob.ar/vicejefatura/bienestar-integral/puntos-de-bienestar/centros-de-dia,POINT (-58.4668163053486 -34.68240979628837)
1895,Centro de Día Nº 5,,Heredia 1253,Villa Ortuzar,Comuna 15,,https://buenosaires.gob.ar/vicejefatura/bienestar-integral/puntos-de-bienestar/centros-de-dia,POINT (-58.463153149948184 -34.57896799273157)
1896,Centro de Día Nº 4,,Yerbal 5025,Villa Luro,Comuna 10,,https://buenosaires.gob.ar/vicejefatura/bienestar-integral/puntos-de-bienestar/centros-de-dia,POINT (-58.497506776707404 -34.63619007528425)
1898,Centro Modelo,Centro especializado en la atención a adultos mayores con Alzheimer,"Garay, Juan De Av. 799",San Telmo,Comuna 1,,https://buenosaires.gob.ar/vicejefatura/bienestar-integral/puntos-de-bienestar/centros-de-dia,POINT (-58.376455075577546 -34.62488588899881)
1899,Centro de Día N° 9,,Paraguay 5170,Palermo,Comuna 14,,https://buenosaires.gob.ar/vicejefatura/bienestar-integral/puntos-de-bienestar/centros-de-dia,POINT (-58.43063439635941 -34.579759410106526)
1900,Centro de Día Nº 6,,"Alcorta, Amancio Av. 1402",Barracas,Comuna 4,,https://buenosaires.gob.ar/vicejefatura/bienestar-integral/puntos-de-bienestar/centros-de-dia,POINT (-58.383625000000016 -34.63349400000001)
1901,Centro de Día Nº 21,,"Dellepiane, Luis, Tte. Gral. 4400, PB",Villa Lugano,Comuna 8,,https://buenosaires.gob.ar/vicejefatura/bienestar-integral/puntos-de-bienestar/centros-de-dia,POINT (-58.471938491646256 -34.663079057892546)
1902,Centro de Día N° 28,,Picheuta 1517,Parque Chacabuco,Comuna 7,,https://buenosaires.gob.ar/vicejefatura/bienestar-integral/puntos-de-bienestar/centros-de-dia,POINT (-58.435107363626805 -34.636599588889574)
1903,Centro de Día N° 8,,Condarco 5155,Villa Pueyrredon,Comuna 12,,https://buenosaires.gob.ar/vicejefatura/bienestar-integral/puntos-de-bienestar/centros-de-dia,POINT (-58.503208000000015 -34.58115699999999)
1904,Centro de Día Nº 25,,Del Bañado 2359,Nueva Pompeya,Comuna 4,4919-9819,https://buenosaires.gob.ar/vicejefatura/bienestar-integral/puntos-de-bienestar/centros-de-dia,POINT (-58.42782283049846 -34.64429739111237)
1905,Centro de Día Nº 19,,"Garay, Juan De Av. 765",San Telmo,Comuna 1,,https://buenosaires.gob.ar/vicejefatura/bienestar-integral/puntos-de-bienestar/centros-de-dia,POINT (-58.37620529845918 -34.62477837528283)
1906,Centro de Día N° 13,,Paraguay 5170,Palermo,Comuna 14,,https://buenosaires.gob.ar/vicejefatura/bienestar-integral/puntos-de-bienestar/centros-de-dia,POINT (-58.43058100000001 -34.579829999999994)
1910,Centro de Día N° 18,,Condarco 5155,Villa Pueyrredon,Comuna 12,,https://buenosaires.gob.ar/vicejefatura/bienestar-integral/puntos-de-bienestar/centros-de-dia,POINT (-58.50318200000001 -34.58127300000001)
1972,Centro de Día N° 14,,La Facultad 1772,Parque Avellaneda,Comuna 9,,https://buenosaires.gob.ar/vicejefatura/bienestar-integral/puntos-de-bienestar/centros-de-dia,POINT (-58.47288100000002 -34.65192500000003)
1973,Centro de Día N° 33,,Montiel 5382,Villa Riachuelo,Comuna 8,,https://buenosaires.gob.ar/vicejefatura/bienestar-integral/puntos-de-bienestar/centros-de-dia,POINT (-58.47462800000002 -34.69041300000002)
1974,Centro de Día Rinconcito de Recoleta,,"Uriburu Jose E., Pres. 1022",Recoleta,Comuna 2,,https://buenosaires.gob.ar/vicejefatura/bienestar-integral/puntos-de-bienestar/centros-de-dia,POINT (-58.39904200000001 -34.59667099999999)
