id,idecaba,nombre,linea,ramal,barrio,comuna,localidad,partido,geometry
1,1,3 de Febrero,"Mitre , F.C.G.B.M.",Retiro - Mitre / Jose L Suarez,Palermo,Comuna 14,,,POINT (-58.42521590019884 -34.57187557452701)
2,2,Antonio Devoto,"Urquiza , F.C.G.U.",Lacroze- Gral. Lemos,Villa Devoto,Comuna 11,,,POINT (-58.510564999657916 -34.59560497644177)
3,3,Belgrano C,"Mitre , F.C.G.B.M.",Retiro - Tigre,Belgrano,Comuna 13,,,POINT (-58.44925061822621 -34.558602977874344)
4,4,Belgrano R,"Mitre , F.C.G.B.M.",Retiro - Mitre / Jose L Suarez,Belgrano,Comuna 13,,,POINT (-58.4624500939876 -34.567788741212325)
5,5,Buenos Aires,"Belgrano Sur , F.C.G.B.",Buenos Aires - Marinos del Belgrano,Barracas,Comuna 4,,,POINT (-58.393869395876266 -34.64535028060146)
6,6,Caballito,"Sarmiento , F.C.D.F.S.",Once-Moreno,Caballito,Comuna 6,,,POINT (-58.44391005839142 -34.619281313431756)
7,7,Ciudad Universitaria,"Belgrano Norte , F.C.G.B.",Retiro - Villa Rosa,Belgrano,Comuna 13,,,POINT (-58.44656939484064 -34.543733488263484)
8,8,Coghlan,"Mitre , F.C.G.B.M.",Retiro - Bartolome Mitre,Coghlan,Comuna 12,,,POINT (-58.47515490923982 -34.565359590919655)
9,9,Colegiales,"Mitre , F.C.G.B.M.",Retiro - Mitre / Jose L Suarez,Colegiales,Comuna 13,,,POINT (-58.44819199016154 -34.573024284005584)
10,10,Constitución,"Roca , F.C.G.R.",Constitucion-La Plata,Constitucion,Comuna 1,,,POINT (-58.380674080061155 -34.62885203837414)
11,11,Devoto,"San Martin , F.C.G.S.M.",Retiro - Pilar,Villa Devoto,Comuna 11,,,POINT (-58.51265664366834 -34.60267485983368)
12,12,Dr. Antonio Sáenz,"Belgrano Sur , F.C.G.B.",Buenos Aires - Marinos del Belgrano,Nueva Pompeya,Comuna 4,,,POINT (-58.415227168818284 -34.64910993910678)
13,13,Dr. Francisco Beiró,"Urquiza , F.C.G.U.",Lacroze- Gral. Lemos,Agronomia,Comuna 15,,,POINT (-58.494308525678505 -34.5931694373394)
14,14,Dr. Lisandro de la Torre,"Mitre , F.C.G.B.M.",Retiro - Tigre,Belgrano,Comuna 13,,,POINT (-58.43674464755534 -34.56253886667018)
15,15,El Libertador,"Urquiza , F.C.G.U.",Lacroze- Gral. Lemos,Agronomia,Comuna 15,,,POINT (-58.50302102566902 -34.59447796490903)
16,16,Estación Once,"Sarmiento , F.C.D.F.S.",Once-Moreno,Balvanera,Comuna 3,,,POINT (-58.40782723380976 -34.60862987687631)
17,17,Federico Lacroze,"Urquiza , F.C.G.U.",Lacroze- Gral. Lemos,Chacarita,Comuna 15,,,POINT (-58.45578378385564 -34.58687555104254)
18,18,Flores,"Sarmiento , F.C.D.F.S.",Once-Moreno,Flores,Comuna 7,,,POINT (-58.466247515727055 -34.62789656331278)
19,19,Floresta,"Sarmiento , F.C.D.F.S.",Once-Moreno,Floresta,Comuna 10,,,POINT (-58.48088088669235 -34.63238431096948)
20,20,General Urquiza,"Mitre , F.C.G.B.M.",Retiro - Jose Leon Suarez,Villa Urquiza,Comuna 12,,,POINT (-58.48784952191221 -34.57473250187778)
21,21,Hipólito Yrigoyen,"Roca , F.C.G.R.",Constitucion-La Plata,Barracas,Comuna 4,,,POINT (-58.37888733823568 -34.653595620660866)
22,22,José Artigas,"Urquiza , F.C.G.U.",Lacroze- Gral. Lemos,Chacarita,Comuna 15,,,POINT (-58.466296196115955 -34.590104829428924)
23,23,La Paternal,"San Martin , F.C.G.S.M.",Retiro - Pilar,Paternal,Comuna 15,,,POINT (-58.46701517042347 -34.59697820787978)
24,24,Liniers,"Sarmiento , F.C.D.F.S.",Once-Moreno,Liniers,Comuna 9,,,POINT (-58.526465180128824 -34.63889875442699)
25,25,Luis María Drago,"Mitre , F.C.G.B.M.",Retiro - Jose Leon Suarez,Villa Urquiza,Comuna 12,,,POINT (-58.47894737123798 -34.5684025810177)
26,26,Luis María Saavedra,"Mitre , F.C.G.B.M.",Retiro - Bartolome Mitre,Saavedra,Comuna 12,,,POINT (-58.48681529664287 -34.55442849705282)
27,27,Ministro Carranza,"Mitre , F.C.G.B.M.",Retiro - Mitre / Jose L Suarez,Palermo,Comuna 14,,,POINT (-58.43496662856017 -34.57561115414147)
28,28,Núñez,"Mitre , F.C.G.B.M.",Retiro - Tigre,Nuñez,Comuna 13,,,POINT (-58.46274930011003 -34.54848356111247)
29,29,Palermo,"San Martin , F.C.G.S.M.",Retiro - Pilar,Palermo,Comuna 14,,,POINT (-58.4268347477585 -34.57893684466901)
30,30,Pedro Arata,"Urquiza , F.C.G.U.",Lacroze- Gral. Lemos,Agronomia,Comuna 15,,,POINT (-58.47643226657313 -34.5924808425556)
31,31,Presidente Illia,"Belgrano Sur , F.C.G.B.",Buenos Aires - Marinos del Belgrano,Villa Soldati,Comuna 8,,,POINT (-58.448622774511605 -34.665448747968064)
32,32,Pueyrredón,"Mitre , F.C.G.B.M.",Retiro - Jose Leon Suarez,Villa Pueyrredon,Comuna 12,,,POINT (-58.50170118212054 -34.58048707712406)
33,35,Retiro,"Mitre , F.C.G.B.M.",Retiro - Tigre,Retiro,Comuna 1,,,POINT (-58.37512288514201 -34.59081198548558)
34,34,Retiro,"San Martin , F.C.G.S.M.",Retiro - Pilar,Retiro,Comuna 1,,,POINT (-58.37336094844152 -34.58930505170659)
35,33,Retiro,"Belgrano Norte , F.C.G.B.",Retiro - Villa Rosa,Retiro,Comuna 1,,,POINT (-58.37415420018353 -34.590189346824616)
36,36,Rivadavia,"Mitre , F.C.G.B.M.",Retiro - Tigre,Nuñez,Comuna 13,,,POINT (-58.468003916656244 -34.536614209873996)
37,37,Saldías,"Belgrano Norte , F.C.G.B.",Retiro - Villa Rosa,Recoleta,Comuna 2,,,POINT (-58.39936374786107 -34.57565922824308)
38,38,Scalabrini Ortiz,"Belgrano Norte , F.C.G.B.",Retiro - Villa Rosa,Belgrano,Comuna 13,,,POINT (-58.4382473940573 -34.54831646853125)
39,39,Villa Crespo (ex Chacarita),"San Martin , F.C.G.S.M.",Retiro - Pilar,Villa Crespo,Comuna 15,,,POINT (-58.44647713498287 -34.59252734424225)
40,40,Villa del Parque,"San Martin , F.C.G.S.M.",Retiro - Pilar,Villa Del Parque,Comuna 11,,,POINT (-58.49415964029635 -34.601455970839744)
41,41,Villa Lugano,"Belgrano Sur , F.C.G.B.",Buenos Aires - Marinos del Belgrano,Villa Lugano,Comuna 8,,,POINT (-58.47711982642373 -34.67731129104143)
42,42,Villa Luro,"Sarmiento , F.C.D.F.S.",Once-Moreno,Villa Luro,Comuna 10,,,POINT (-58.501712223119256 -34.63620095961024)
43,43,Villa Soldati,"Belgrano Sur , F.C.G.B.",Buenos Aires - Marinos del Belgrano,Villa Soldati,Comuna 8,,,POINT (-58.44093425553207 -34.66223221330092)
44,219,Abbott,"Roca , F.C.G.R.",,,,,,POINT (-58.80279356777368 -35.28129500942761)
45,251,Acassuso,"Mitre , F.C.G.B.M.",,,,Acassuso,Acassuso,POINT (-58.50402175599086 -34.47984466239989)
46,36,Adolfo Sourdeaux,"Belgrano Norte , F.C.G.B.",,,,Ingeniero Adolfo Sourdeaux,Ingeniero Adolfo Sourdeaux,POINT (-58.666462708792075 -34.50299905585748)
47,180,Adrogué,"Roca , F.C.G.R.",,,,Adrogué,Adrogué,POINT (-58.39424149191243 -34.797817126201885)
48,2,Agustín Ferrari,"Sarmiento , F.C.D.F.S.",,,,Mariano Acosta,Mariano Acosta,POINT (-58.77939355605926 -34.706063889415944)
49,128,Aldo Bonzi,"Belgrano Sur , F.C.G.B.",,,,Aldo Bonzi,Aldo Bonzi,POINT (-58.51437251229124 -34.71075962677399)
50,217,Alejandro Korn,"Roca , F.C.G.R.",,,,San Vicente,San Vicente,POINT (-58.37382936972327 -34.98038757794364)
51,10,Alejandro Petión,"Roca , F.C.G.R.",,,,Cañuelas,Cañuelas,POINT (-58.67540440999109 -34.97809059966395)
52,218,Altamirano,"Roca , F.C.G.R.",,,,,,POINT (-58.15115862439983 -35.36110588282554)
53,27,Altimpergher,"Urquiza , F.C.G.U.",,,,José C. Paz,José C. Paz,POINT (-58.75334343041436 -34.52014090226427)
54,22,"Apeadero ""Dr. Ricardo Levene""","Roca , F.C.G.R.",,,,Cañuelas,Cañuelas,POINT (-58.72380447122397 -35.02165663458425)
55,33,Apeadero Kloosterman,"Roca , F.C.G.R.",,,,Cañuelas,Cañuelas,POINT (-58.68970805830323 -34.98636599610312)
56,242,Aristóbulo del Valle,"Belgrano Norte , F.C.G.B.",,,,Florida,Florida,POINT (-58.47816624531613 -34.537683861695804)
57,187,Av. Maipú,"Tren De La Costa , T.d.l.C.",,,,Olivos,Olivos,POINT (-58.48828237082996 -34.51398192040446)
58,288,Bancalari,"Mitre , F.C.G.B.M.",,,,Victoria,Victoria,POINT (-58.602882693124656 -34.47970271863558)
59,19,Banfield,"Roca , F.C.G.R.",,,,Banfield,Banfield,POINT (-58.395358835796934 -34.7435397794875)
60,284,Bartolomé Mitre,"Mitre , F.C.G.B.M.",,,,Olivos,Olivos,POINT (-58.489224078175845 -34.515019605006366)
61,250,Beccar,"Mitre , F.C.G.B.M.",,,,Beccar,Beccar,POINT (-58.52668318737865 -34.46065439501875)
62,56,Bella Vista,"San Martin , F.C.G.S.M.",,,,Bella Vista,Bella Vista,POINT (-58.68466089946236 -34.56379976578522)
63,291,Benavídez,"Mitre , F.C.G.B.M.",,,,Benavídez,Benavídez,POINT (-58.684611319586004 -34.409277469989114)
64,157,Berazategui,"Roca , F.C.G.R.",,,,Berazategui,Berazategui,POINT (-58.20842865064916 -34.76413104742798)
65,158,Bernal,"Roca , F.C.G.R.",,,,Bernal,Bernal,POINT (-58.28048148637693 -34.70932981028496)
66,213,Borges,"Tren De La Costa , T.d.l.C.",,,,Olivos,Olivos,POINT (-58.48471321009081 -34.50850154162181)
67,150,Bosques,"Roca , F.C.G.R.",,,,Bosques,Bosques,POINT (-58.23011606601809 -34.81958729022254)
68,37,Boulogne Sur Mer,"Belgrano Norte , F.C.G.B.",,,,Boulogne,Boulogne,POINT (-58.56532165467617 -34.50861753026708)
69,29,Burzaco,"Roca , F.C.G.R.",,,,Burzaco,Burzaco,POINT (-58.391401966028845 -34.825117902321516)
70,77,Campo de Mayo,"Urquiza , F.C.G.U.",,,,Campo de Mayo,Campo de Mayo,POINT (-58.685758301416236 -34.54376535183564)
71,227,Canal San Fernando,"Tren De La Costa , T.d.l.C.",,,,Tigre,Tigre,POINT (-58.56286886944351 -34.42995283152897)
72,211,Cañuelas,"Roca , F.C.G.R.",,,,Cañuelas,Cañuelas,POINT (-58.75425154323478 -35.05922754747488)
73,215,Capilla,"Urquiza , F.C.G.U.",,,,,,POINT (-59.10694599383332 -34.291845457672615)
74,297,Capilla del Señor,"Mitre , F.C.G.B.M.",,,,,,POINT (-59.10171462057733 -34.28695116585888)
75,78,Capitán Lozano,"Urquiza , F.C.G.U.",,,,Campo de Mayo,Campo de Mayo,POINT (-58.669762887985975 -34.55537668275518)
76,38,Carapachay,"Belgrano Norte , F.C.G.B.",,,,Carapachay,Carapachay,POINT (-58.537383552043956 -34.528805328989606)
77,235,Carlos Spegazzini,"Roca , F.C.G.R.",,,,Carlos Spegazzini,Carlos Spegazzini,POINT (-58.594359258765266 -34.91002430978792)
78,257,Carupá,"Mitre , F.C.G.B.M.",,,,San Fernando,San Fernando,POINT (-58.56721895334156 -34.43771294306219)
79,57,Caseros,"San Martin , F.C.G.S.M.",,,,Caseros,Caseros,POINT (-58.56456058485908 -34.60459840711987)
80,106,Castelar,"Sarmiento , F.C.D.F.S.",,,,Castelar,Castelar,POINT (-58.641946598807 -34.65202267335601)
81,285,Cetrángolo,"Mitre , F.C.G.B.M.",,,,Florida,Florida,POINT (-58.494132113346865 -34.52313534470526)
82,269,Chilavert,"Mitre , F.C.G.B.M.",,,,General San Martín,General San Martín,POINT (-58.56655809676695 -34.542479712244194)
83,170,City Bell,"Roca , F.C.G.R.",,,,City Bell,City Bell,POINT (-58.04201010247241 -34.865781355057024)
84,103,Ciudadela,"Sarmiento , F.C.D.F.S.",,,,Ciudadela,Ciudadela,POINT (-58.54127151660328 -34.63997314387962)
85,151,Claypole,"Roca , F.C.G.R.",,,,Claypole,Claypole,POINT (-58.33831059191995 -34.80118334444474)
86,199,Coronel Brandsen,"Roca , F.C.G.R.",,,,,,POINT (-58.23189755268917 -35.16791010321871)
87,79,Coronel F. Lynch,"Urquiza , F.C.G.U.",,,,Sáenz Peña,Sáenz Peña,POINT (-58.524363606746924 -34.59719650831005)
88,144,Darío Santillán y Maximiliano Kosteki,"Roca , F.C.G.R.",,,,Avellaneda,Avellaneda,POINT (-58.37663867075505 -34.66203758143972)
89,141,De Elía,"Roca , F.C.G.R.",,,,Aldo Bonzi,Aldo Bonzi,POINT (-58.506133921873264 -34.70980678270647)
90,39,Del Viso,"Belgrano Norte , F.C.G.B.",,,,Del Viso,Del Viso,POINT (-58.79571311405638 -34.453867794170755)
91,183,Delta,"Tren De La Costa , T.d.l.C.",,,,Tigre,Tigre,POINT (-58.576859140901284 -34.41849964254023)
92,60,Doctor Domingo Cabred,"San Martin , F.C.G.S.M.",,,,,,POINT (-59.07571769515787 -34.48785948263319)
93,221,Domselaar,"Roca , F.C.G.R.",,,,San Vicente,San Vicente,POINT (-58.29071171112879 -35.07005314443211)
94,159,Don Bosco,"Roca , F.C.G.R.",,,,Don Bosco,Don Bosco,POINT (-58.296428955406554 -34.703282671628045)
95,40,Don Torcuato,"Belgrano Norte , F.C.G.B.",,,,Don Torcuato,Don Torcuato,POINT (-58.64189394416898 -34.50269204032738)
96,289,Dr. Albert Schweitzer,"Mitre , F.C.G.B.M.",,,,Victoria,Victoria,POINT (-58.57435310616345 -34.472038300435806)
97,81,Ejército de los Andes,"Urquiza , F.C.G.U.",,,,Hurlingham,Hurlingham,POINT (-58.64034464552957 -34.580141172552814)
98,177,El Jagüel,"Roca , F.C.G.R.",,,,El Jagüel,El Jagüel,POINT (-58.49613566901129 -34.83323954984928)
99,75,El Palomar,"San Martin , F.C.G.S.M.",,,,Ciudad Jardín Lomas de El Palomar,Ciudad Jardín Lomas de El Palomar,POINT (-58.596038785040854 -34.604929967793794)
100,239,Empalme Lobos,"Sarmiento , F.C.D.F.S.",,,,,,POINT (-59.09093965275986 -35.15155885988287)
101,249,Escobar,"Mitre , F.C.G.B.M.",,,,Belén de Escobar,Belén de Escobar,POINT (-58.795055348483245 -34.34959792622342)
102,290,Estación El Talar,"Mitre , F.C.G.B.M.",,,,General Pacheco,General Pacheco,POINT (-58.64608251650584 -34.462735628364975)
103,34,"Estación ""La Salada""","Belgrano Sur , F.C.G.B.",,,,Ingeniero Budge,Ingeniero Budge,POINT (-58.472789403055245 -34.71877197695961)
104,152,Estanislao S. Zeballos,"Roca , F.C.G.R.",,,,Estanislao Severo Zeballos,Estanislao Severo Zeballos,POINT (-58.25679133087899 -34.81097316657124)
105,35,"Ex-estación ""La Salada""","Belgrano Sur , F.C.G.B.",,,,Ciudad Celina,Ciudad Celina,POINT (-58.479938810541405 -34.717907789162595)
106,234,Ezeiza,"Roca , F.C.G.R.",,,,Ezeiza,Ezeiza,POINT (-58.522890075259916 -34.85406050598544)
107,160,Ezpeleta,"Roca , F.C.G.R.",,,,Ezpeleta,Ezpeleta,POINT (-58.23432051304694 -34.75181292245215)
108,232,Fátima,"Urquiza , F.C.G.U.",,,,Fátima,Fátima,POINT (-58.99058418484783 -34.436765294919375)
109,83,Fernández Moreno,"Urquiza , F.C.G.U.",,,,Sáenz Peña,Sáenz Peña,POINT (-58.5352832585905 -34.59554609989093)
110,233,Fiorito,"Belgrano Sur , F.C.G.B.",,,,Villa Fiorito,Villa Fiorito,POINT (-58.44097704283311 -34.705396126436916)
111,153,Florencio Varela,"Roca , F.C.G.R.",,,,Florencio Varela,Florencio Varela,POINT (-58.274075148523806 -34.811129505249475)
112,286,Florida,"Mitre , F.C.G.B.M.",,,,Florida,Florida,POINT (-58.49442216758263 -34.530152642960374)
113,41,Florida (Belgrano),"Belgrano Norte , F.C.G.B.",,,,Florida Oeste,Florida Oeste,POINT (-58.513187321003656 -34.53708419179525)
114,112,Francisco Álvarez,"Sarmiento , F.C.D.F.S.",,,,Francisco Álvarez,Francisco Álvarez,POINT (-58.855299512048305 -34.632223870194046)
115,293,Garín,"Mitre , F.C.G.B.M.",,,,Garín,Garín,POINT (-58.7366034468744 -34.42158758404948)
116,229,General Hornos,"Sarmiento , F.C.D.F.S.",,,,,,POINT (-58.9179408909148 -34.89227018335908)
117,208,General Las Heras,"Sarmiento , F.C.D.F.S.",,,,,,POINT (-58.94452880597068 -34.92802428381361)
118,84,General Lemos,"Urquiza , F.C.G.U.",,,,Campo de Mayo,Campo de Mayo,POINT (-58.700558754966195 -34.533128242407585)
119,252,General Pacheco,"Mitre , F.C.G.B.M.",,,,Troncos del Talar,Troncos del Talar,POINT (-58.61979292956449 -34.456034083046184)
120,113,General Rodríguez,"Sarmiento , F.C.D.F.S.",,,,General Rodríguez,General Rodríguez,POINT (-58.953014800939435 -34.60888278492901)
121,24,General Sarmiento,"Urquiza , F.C.G.U.",,,,San Miguel,San Miguel,POINT (-58.7142358016109 -34.543788168844)
122,18,Gerli,"Roca , F.C.G.R.",,,,Piñeyro,Piñeyro,POINT (-58.382638361360186 -34.6856452660867)
123,30,Glew,"Roca , F.C.G.R.",,,,Glew,Glew,POINT (-58.38374970646307 -34.88867424960079)
124,136,González Catán,"Belgrano Sur , F.C.G.B.",,,,González Catán,González Catán,POINT (-58.646617002002536 -34.771557953037565)
125,42,Grand Bourg,"Belgrano Norte , F.C.G.B.",,,,Grand Bourg,Grand Bourg,POINT (-58.725092331236084 -34.48539913735965)
126,20,Guernica,"Roca , F.C.G.R.",,,,Presidente Perón,Presidente Perón,POINT (-58.38058478020588 -34.917968539485805)
127,171,Guillermo Enrique Hudson,"Roca , F.C.G.R.",,,,Hudson,Hudson,POINT (-58.15538466600893 -34.79107484627263)
128,188,Haedo (Roca),"Roca , F.C.G.R.",,,,Haedo,Haedo,POINT (-58.59184010770112 -34.64503424992396)
129,104,Haedo (Sarmiento),"Sarmiento , F.C.D.F.S.",,,,Haedo,Haedo,POINT (-58.59179163505316 -34.64458012117363)
130,246,Hospital Español,"Roca , F.C.G.R.",,,,Turdera,Turdera,POINT (-58.40773863289051 -34.78617855677185)
131,61,Hurlingham,"San Martin , F.C.G.S.M.",,,,Hurlingham,Hurlingham,POINT (-58.63229857096638 -34.59112104068039)
132,137,Independencia,"Belgrano Sur , F.C.G.B.",,,,González Catán,González Catán,POINT (-58.615787534111135 -34.760382338190695)
133,154,Ing. Dante Ardigó,"Roca , F.C.G.R.",,,,Gobernador Julio A. Costa,Gobernador Julio A. Costa,POINT (-58.30221513117314 -34.80895125872889)
134,190,Ingeniero Budge,"Belgrano Sur , F.C.G.B.",,,,Ingeniero Budge,Ingeniero Budge,POINT (-58.46216174001276 -34.71865334356075)
135,142,Ingeniero Castello,"Belgrano Sur , F.C.G.B.",,,,Aldo Bonzi,Aldo Bonzi,POINT (-58.50646672255468 -34.71066535465941)
136,254,Ingeniero Maschwitz,"Mitre , F.C.G.B.M.",,,,Ingeniero Maschwitz,Ingeniero Maschwitz,POINT (-58.73636483038645 -34.382968044187045)
137,114,Ingeniero Pablo Marín,"Sarmiento , F.C.D.F.S.",,,,General Rodríguez,General Rodríguez,POINT (-58.89345035262414 -34.62275607444499)
138,298,Ingeniero Rómulo Otamendi,"Mitre , F.C.G.B.M.",,,,,,POINT (-58.89652336858851 -34.22214260607193)
139,194,Ingeniero S. Brian,"Roca , F.C.G.R.",,,,Ramos Mejia,Ramos Mejia,POINT (-58.57296945478776 -34.658130710496884)
140,15,Intendente Pedro P. Turner,"Roca , F.C.G.R.",,,,Ingeniero Budge,Ingeniero Budge,POINT (-58.474906597526825 -34.73319671249164)
141,131,Isidro Casanova,"Belgrano Sur , F.C.G.B.",,,,Isidro Casanova,Isidro Casanova,POINT (-58.58749086688367 -34.704562773614306)
142,107,Ituzaingó,"Sarmiento , F.C.D.F.S.",,,,Ituzaingó,Ituzaingó,POINT (-58.666178958063554 -34.65954339671195)
143,225,J. Anchorena,"Tren De La Costa , T.d.l.C.",,,,Martínez,Martínez,POINT (-58.48120807470318 -34.48903759089642)
144,220,Jeppener,"Roca , F.C.G.R.",,,,,,POINT (-58.198230452711776 -35.27760725449243)
145,85,Jorge Newbery,"Urquiza , F.C.G.U.",,,,Hurlingham,Hurlingham,POINT (-58.62102363345031 -34.58785789771755)
146,62,José C. Paz,"San Martin , F.C.G.S.M.",,,,José C. Paz,José C. Paz,POINT (-58.750348162796946 -34.5190673769404)
147,206,José Hernández,"Roca , F.C.G.R.",,,,José Hernández,José Hernández,POINT (-58.01868558170275 -34.907086945864535)
148,129,José Ingenieros,"Belgrano Sur , F.C.G.B.",,,,Ciudad Evita,Ciudad Evita,POINT (-58.53723821158177 -34.710781713143405)
149,287,José León Suárez,"Mitre , F.C.G.B.M.",,,,General San Martín,General San Martín,POINT (-58.576341850999086 -34.53461683336524)
150,87,José María Bosch,"Urquiza , F.C.G.U.",,,,Caseros,Caseros,POINT (-58.57184475842205 -34.590014406986846)
151,155,José Mármol,"Roca , F.C.G.R.",,,,José Mármol,José Mármol,POINT (-58.38104149183471 -34.791962260976355)
152,88,Juan B. de La Salle,"Urquiza , F.C.G.U.",,,,William C. Morris,William C. Morris,POINT (-58.64557277530775 -34.573301954263684)
153,283,Juan B. Justo,"Mitre , F.C.G.B.M.",,,,Florida,Florida,POINT (-58.494661751648906 -34.542541806077764)
154,166,Juan María Gutiérrez,"Roca , F.C.G.R.",,,,Juan María Gutiérrez,Juan María Gutiérrez,POINT (-58.18563692012601 -34.83401133075076)
155,167,Juan Vucetich,"Roca , F.C.G.R.",,,,Pereyra,Pereyra,POINT (-58.14557446109784 -34.843854044523304)
156,23,Juan Vucetich,"Urquiza , F.C.G.U.",,,,José C. Paz,José C. Paz,POINT (-58.7999488664697 -34.507209930534216)
157,16,Juan XXIII,"Roca , F.C.G.R.",,,,Lomas de Zamora,Lomas de Zamora,POINT (-58.44414675278911 -34.77132189212158)
158,132,Justo Villegas,"Belgrano Sur , F.C.G.B.",,,,Ciudad Evita,Ciudad Evita,POINT (-58.551894462651134 -34.7089965079048)
159,195,Kilómetro 12,"Belgrano Sur , F.C.G.B.",,,,Aldo Bonzi,Aldo Bonzi,POINT (-58.50599867309804 -34.71002084614939)
160,244,Km 34,"Roca , F.C.G.R.",,,,Ingeniero Budge,Ingeniero Budge,POINT (-58.46480036782784 -34.74373949916018)
161,1,"Km 34,5","Sarmiento , F.C.D.F.S.",,,,Merlo,Merlo,POINT (-58.76021031818555 -34.68014032187272)
162,115,La Fraternidad,"Sarmiento , F.C.D.F.S.",,,,General Rodríguez,General Rodríguez,POINT (-58.997778359725 -34.59843837524884)
163,259,La Lucila,"Mitre , F.C.G.B.M.",,,,La Lucila,La Lucila,POINT (-58.48834803937373 -34.49767969458047)
164,222,La Noria,"Roca , F.C.G.R.",,,,Cañuelas,Cañuelas,POINT (-58.78812068860606 -35.16523583085291)
165,32,La Plata,"Roca , F.C.G.R.",,,,La Plata,La Plata,POINT (-57.95039490158763 -34.903680641932084)
166,181,La Plata - FCPBA,"Roca , F.C.G.R.",,,,La Plata,La Plata,POINT (-57.938200538620464 -34.940218679575324)
167,116,La Reja,"Sarmiento , F.C.D.F.S.",,,,La Reja,La Reja,POINT (-58.8283168423995 -34.63978869922353)
168,189,La Tablada,"Roca , F.C.G.R.",,,,La Tablada,La Tablada,POINT (-58.52810899773472 -34.693003649982906)
169,139,Laferrere,"Belgrano Sur , F.C.G.B.",,,,Gregorio de Laferrere,Gregorio de Laferrere,POINT (-58.58451371429797 -34.75080782750573)
170,145,Lanús,"Roca , F.C.G.R.",,,,Lanús Este,Lanús Este,POINT (-58.39056696297573 -34.707389335607)
171,6,Las Barrancas,"Tren De La Costa , T.d.l.C.",,,,Acassuso,Acassuso,POINT (-58.49309834059667 -34.47238115890088)
172,117,Las Malvinas,"Sarmiento , F.C.D.F.S.",,,,General Rodríguez,General Rodríguez,POINT (-58.92156810146368 -34.61621160000952)
173,118,Lezica y Torrezuri,"Sarmiento , F.C.D.F.S.",,,,,,POINT (-59.05671794127745 -34.58460156677709)
174,135,Libertad,"Belgrano Sur , F.C.G.B.",,,,Libertad,Libertad,POINT (-58.686500019008726 -34.692144102771934)
175,197,Libertador,"Tren De La Costa , T.d.l.C.",,,,Olivos,Olivos,POINT (-58.48186135251807 -34.50159737107447)
176,149,Llavallol,"Roca , F.C.G.R.",,,,Llavallol,Llavallol,POINT (-58.42922128522252 -34.797105069988326)
177,200,Lobos,"Sarmiento , F.C.D.F.S.",,,,,,POINT (-59.09277155022261 -35.18476325841433)
178,9,Lomas de Zamora,"Roca , F.C.G.R.",,,,Lomas de Zamora,Lomas de Zamora,POINT (-58.39719262063138 -34.76097756420045)
179,243,Longchamps,"Roca , F.C.G.R.",,,,Longchamps,Longchamps,POINT (-58.38727167964141 -34.859334411912776)
180,292,López Camelo,"Mitre , F.C.G.B.M.",,,,General Pacheco,General Pacheco,POINT (-58.67736571655547 -34.446921127083336)
181,248,Los Cardales,"Mitre , F.C.G.B.M.",,,,,,POINT (-58.98741081934489 -34.33090711336983)
182,43,Los Polvorines,"Belgrano Norte , F.C.G.B.",,,,Los Polvorines,Los Polvorines,POINT (-58.69453144962468 -34.49902676885959)
183,89,Lourdes,"Urquiza , F.C.G.U.",,,,Santos Lugares,Santos Lugares,POINT (-58.54697566320891 -34.59378531032301)
184,178,Luis Guillón,"Roca , F.C.G.R.",,,,Luis Guillón,Luis Guillón,POINT (-58.44857585514457 -34.80328512663782)
185,207,Luján,"Sarmiento , F.C.D.F.S.",,,,,,POINT (-59.10509616492056 -34.57769608634658)
186,273,Malaver,"Mitre , F.C.G.B.M.",,,,General San Martín,General San Martín,POINT (-58.54785855428555 -34.55743352238509)
187,44,Manuel Alberti,"Belgrano Norte , F.C.G.B.",,,,Manuel Alberti,Manuel Alberti,POINT (-58.77624800130559 -34.4625593071142)
188,172,Manuel B. Gonnet,"Roca , F.C.G.R.",,,,Manuel B. Gonnet,Manuel B. Gonnet,POINT (-58.01063688734762 -34.87990843645811)
189,64,Manzanares,"San Martin , F.C.G.S.M.",,,,Manzanares,Manzanares,POINT (-59.0064325864769 -34.45207993867713)
190,11,Manzone,"Urquiza , F.C.G.U.",,,,Villa Astolfi,Villa Astolfi,POINT (-58.87530185651132 -34.486118690218326)
191,296,Maquinista Savio,"Mitre , F.C.G.B.M.",,,,Maquinista Savio,Maquinista Savio,POINT (-58.7720226555289 -34.40687113480071)
192,212,Marcos Paz (Belgrano),"Belgrano Sur , F.C.G.B.",,,,Marcos Paz,Marcos Paz,POINT (-58.829671439599224 -34.7865231155745)
193,230,Marcos Paz (Sarmiento),"Sarmiento , F.C.D.F.S.",,,,Marcos Paz,Marcos Paz,POINT (-58.83669698356406 -34.783242437375335)
194,138,María Eva Duarte,"Belgrano Sur , F.C.G.B.",,,,Gregorio de Laferrere,Gregorio de Laferrere,POINT (-58.60086727662504 -34.75615592830822)
195,4,Mariano Acosta,"Sarmiento , F.C.D.F.S.",,,,Mariano Acosta,Mariano Acosta,POINT (-58.79300020267282 -34.724389905688675)
196,228,Marina Nueva,"Tren De La Costa , T.d.l.C.",,,,Victoria,Victoria,POINT (-58.53899838459101 -34.44457189494086)
197,123,Marinos de Fournier,"Belgrano Sur , F.C.G.B.",,,,Villa Madero,Villa Madero,POINT (-58.50746304328061 -34.69012130342082)
198,196,Marinos del Crucero General Belgrano,"Belgrano Sur , F.C.G.B.",,,,Pontevedra,Pontevedra,POINT (-58.730865581537984 -34.708796668771)
199,90,Martín Coronado,"Urquiza , F.C.G.U.",,,,Martín Coronado,Martín Coronado,POINT (-58.590541578305256 -34.58899602300308)
200,260,Martínez,"Mitre , F.C.G.B.M.",,,,Martínez,Martínez,POINT (-58.49680149297001 -34.488317303928895)
201,295,Matheu,"Mitre , F.C.G.B.M.",,,,Matheu,Matheu,POINT (-58.82965679220166 -34.382859426500744)
202,224,Máximo Paz,"Roca , F.C.G.R.",,,,Cañuelas,Cañuelas,POINT (-58.620604386470575 -34.93639559781667)
203,185,Merlo,"Sarmiento , F.C.D.F.S.",,,,Merlo,Merlo,POINT (-58.727748937228334 -34.664386250492235)
204,133,Merlo Gómez,"Belgrano Sur , F.C.G.B.",,,,Castelar,Castelar,POINT (-58.6476064835646 -34.69703326001386)
205,274,Miguelete,"Mitre , F.C.G.B.M.",,,,General San Martín,General San Martín,POINT (-58.517007632920176 -34.5810941387932)
206,179,Monte Grande,"Roca , F.C.G.R.",,,,Monte Grande,Monte Grande,POINT (-58.46977302737916 -34.814367117051454)
207,108,Moreno,"Sarmiento , F.C.D.F.S.",,,,Mariano Moreno,Mariano Moreno,POINT (-58.78975351283443 -34.65051085559178)
208,109,Morón,"Sarmiento , F.C.D.F.S.",,,,Morón,Morón,POINT (-58.61968963454579 -34.64826567540001)
209,45,Munro,"Belgrano Norte , F.C.G.B.",,,,Munro,Munro,POINT (-58.52376942129638 -34.53171555752562)
210,65,Muñiz,"San Martin , F.C.G.S.M.",,,,Muñiz,Muñiz,POINT (-58.703419054196175 -34.55129612739897)
211,262,Olivos,"Mitre , F.C.G.B.M.",,,,Olivos,Olivos,POINT (-58.480602292624376 -34.507825626094395)
212,46,Pablo Nogués,"Belgrano Norte , F.C.G.B.",,,,Pablo Nogués,Pablo Nogués,POINT (-58.70639238179603 -34.49372264034197)
213,91,Pablo Podestá,"Urquiza , F.C.G.U.",,,,Pablo Podestá,Pablo Podestá,POINT (-58.60798664737696 -34.5883511080569)
214,47,Padilla,"Belgrano Norte , F.C.G.B.",,,,Villa Martelli,Villa Martelli,POINT (-58.50076270664791 -34.54340977591915)
215,202,Parada Arquitectura,"Roca , F.C.G.R.",,,,La Plata,La Plata,POINT (-57.94251736298898 -34.90471581012134)
216,205,Parada Diagonal 73,"Roca , F.C.G.R.",,,,La Plata,La Plata,POINT (-57.91917038298201 -34.92010173014934)
217,203,Parada Informática,"Roca , F.C.G.R.",,,,La Plata,La Plata,POINT (-57.936032877259635 -34.90324000946101)
218,7,Parada Medicina,"Roca , F.C.G.R.",,,,La Plata,La Plata,POINT (-57.927893821630285 -34.90900200910375)
219,8,Parada Periodismo,"Roca , F.C.G.R.",,,,La Plata,La Plata,POINT (-57.924305849557 -34.91216125406347)
220,204,Parada Policlínico / 1 y 72,"Roca , F.C.G.R.",,,,Villa Elvira,Villa Elvira,POINT (-57.92120575599068 -34.92527822247752)
221,110,Paso del Rey,"Sarmiento , F.C.D.F.S.",,,,Paso del Rey,Paso del Rey,POINT (-58.76209908834553 -34.65823606186504)
222,214,Pavón,"Urquiza , F.C.G.U.",,,,,,POINT (-59.04004393170016 -34.380490118741356)
223,186,Pereyra,"Roca , F.C.G.R.",,,,Pereyra,Pereyra,POINT (-58.0946450199778 -34.836569368871736)
224,67,Pilar (San Martín),"San Martin , F.C.G.S.M.",,,,Pilar,Pilar,POINT (-58.90821544071775 -34.46866149385122)
225,201,Pilar (Urquiza),"Urquiza , F.C.G.U.",,,,Pilar,Pilar,POINT (-58.91657748345336 -34.46454548861323)
226,5,Piñero,"Urquiza , F.C.G.U.",,,,José C. Paz,José C. Paz,POINT (-58.77066073779202 -34.51532269878219)
227,173,Plátanos,"Roca , F.C.G.R.",,,,Plátanos,Plátanos,POINT (-58.170828121461525 -34.782313552246194)
228,68,Presidente Derqui,"San Martin , F.C.G.S.M.",,,,Presidente Derqui,Presidente Derqui,POINT (-58.83845025443712 -34.490994938693746)
229,143,Puente Alsina,"Belgrano Sur , F.C.G.B.",,,,Valentín Alsina,Valentín Alsina,POINT (-58.41563745381099 -34.66113530213243)
230,182,Punta Chica,"Tren De La Costa , T.d.l.C.",,,,Beccar,Beccar,POINT (-58.52384768491807 -34.45050524283761)
231,140,Querandí,"Belgrano Sur , F.C.G.B.",,,,Ciudad Evita,Ciudad Evita,POINT (-58.530653710065906 -34.72235677559538)
232,161,Quilmes,"Roca , F.C.G.R.",,,,Quilmes,Quilmes,POINT (-58.2605721534603 -34.72480576780309)
233,156,Rafael Calzada,"Roca , F.C.G.R.",,,,Rafael Calzada,Rafael Calzada,POINT (-58.359113629002906 -34.79669596446354)
234,134,Rafael Castillo,"Belgrano Sur , F.C.G.B.",,,,Rafael Castillo,Rafael Castillo,POINT (-58.62631413891518 -34.699699169316574)
235,105,Ramos Mejía,"Sarmiento , F.C.D.F.S.",,,,Ramos Mejia,Ramos Mejia,POINT (-58.56425150591835 -34.64048082805645)
236,13,Ranelagh,"Roca , F.C.G.R.",,,,Ranelagh,Ranelagh,POINT (-58.2032297480227 -34.7893663334492)
237,146,Remedios de Escalada,"Roca , F.C.G.R.",,,,Remedios de Escalada,Remedios de Escalada,POINT (-58.39360401078491 -34.72705665369981)
238,174,Ringuelet,"Roca , F.C.G.R.",,,,Manuel B. Gonnet,Manuel B. Gonnet,POINT (-57.99647581871378 -34.8815479443354)
239,255,Río Luján,"Mitre , F.C.G.B.M.",,,,,,POINT (-58.89022929199469 -34.27810739924278)
240,93,Rubén Darío,"Urquiza , F.C.G.U.",,,,Hurlingham,Hurlingham,POINT (-58.62984433370274 -34.58754125174666)
241,26,Rufino de Elizalde,"Roca , F.C.G.R.",,,,Altos de San Lorenzo,Altos de San Lorenzo,POINT (-57.943912603515884 -34.957464226029714)
242,70,Sáenz Peña,"San Martin , F.C.G.S.M.",,,,Villa Raffo,Villa Raffo,POINT (-58.527882915278774 -34.60317028957033)
243,277,San Andrés,"Mitre , F.C.G.B.M.",,,,General San Martín,General San Martín,POINT (-58.54059444105298 -34.56361665300118)
244,111,San Antonio de Padua,"Sarmiento , F.C.D.F.S.",,,,San Antonio de Padua,San Antonio de Padua,POINT (-58.69869681639339 -34.665468405041864)
245,253,San Fernando C,"Mitre , F.C.G.B.M.",,,,San Fernando,San Fernando,POINT (-58.5587915652762 -34.44421527256488)
246,226,San Fernando R,"Tren De La Costa , T.d.l.C.",,,,San Fernando,San Fernando,POINT (-58.55395516874744 -34.437541578676885)
247,264,San Isidro,"Mitre , F.C.G.B.M.",,,,San Isidro,San Isidro,POINT (-58.51357494326025 -34.471963510899464)
248,184,San Isidro R,"Tren De La Costa , T.d.l.C.",,,,San Isidro,San Isidro,POINT (-58.50847087636146 -34.46531574998841)
249,193,San Justo,"Roca , F.C.G.R.",,,,San Justo,San Justo,POINT (-58.55580981076053 -34.673835573096774)
250,278,San Martín,"Mitre , F.C.G.B.M.",,,,General San Martín,General San Martín,POINT (-58.53157906656693 -34.573714988569726)
251,21,San Miguel,"San Martin , F.C.G.S.M.",,,,San Miguel,San Miguel,POINT (-58.71258708130158 -34.544552541379446)
252,130,Sánchez de Mendeville,"Belgrano Sur , F.C.G.B.",,,,Aldo Bonzi,Aldo Bonzi,POINT (-58.5238654357565 -34.71246140229767)
253,17,Santa Catalina,"Roca , F.C.G.R.",,,,Llavallol,Llavallol,POINT (-58.43738013722768 -34.7803571523533)
254,168,Santa Sofía,"Roca , F.C.G.R.",,,,Bosques,Bosques,POINT (-58.21300039775061 -34.8251222562673)
255,74,Santos Lugares,"San Martin , F.C.G.S.M.",,,,Santos Lugares,Santos Lugares,POINT (-58.54097594100011 -34.60369485523194)
256,162,Sarandí,"Roca , F.C.G.R.",,,,Sarandí,Sarandí,POINT (-58.34513866506885 -34.678891688735824)
257,94,Sargento Barrufaldi,"Urquiza , F.C.G.U.",,,,Campo de Mayo,Campo de Mayo,POINT (-58.660227437790944 -34.56242907475212)
258,95,Sargento Cabral,"Urquiza , F.C.G.U.",,,,Campo de Mayo,Campo de Mayo,POINT (-58.69492236222669 -34.537206321549675)
259,69,Sol y Verde,"San Martin , F.C.G.S.M.",,,,José C. Paz,José C. Paz,POINT (-58.79766332658582 -34.50400264256276)
260,163,Sourigues,"Roca , F.C.G.R.",,,,Sourigues,Sourigues,POINT (-58.212756329812045 -34.8065615485445)
261,247,Speratti,"Sarmiento , F.C.D.F.S.",,,,,,POINT (-58.9977262793939 -34.999241033381985)
262,12,Sucre,"San Martin , F.C.G.S.M.",,,,,,POINT (-59.11135929484403 -34.506306744829594)
263,125,Tapiales,"Belgrano Sur , F.C.G.B.",,,,Aldo Bonzi,Aldo Bonzi,POINT (-58.51157373120266 -34.70248805516488)
264,147,Temperley,"Roca , F.C.G.R.",,,,Temperley,Temperley,POINT (-58.39652973201855 -34.77589635726653)
265,96,Teniente Agneta,"Urquiza , F.C.G.U.",,,,Campo de Mayo,Campo de Mayo,POINT (-58.67877445639079 -34.548860475933694)
266,28,Teniente General Pablo Ricchieri,"Urquiza , F.C.G.U.",,,,Bella Vista,Bella Vista,POINT (-58.691368735796495 -34.56125525723323)
267,50,Tierras Altas,"Belgrano Norte , F.C.G.B.",,,,Tierras Altas,Tierras Altas,POINT (-58.73944360354839 -34.47898927967807)
268,300,Tigre,"Mitre , F.C.G.B.M.",,,,Tigre,Tigre,POINT (-58.58167967793535 -34.42359703099207)
269,175,Tolosa,"Roca , F.C.G.R.",,,,Tolosa,Tolosa,POINT (-57.968191669242955 -34.89091073973111)
270,25,Toro,"Urquiza , F.C.G.U.",,,,Presidente Derqui,Presidente Derqui,POINT (-58.844471987875984 -34.494717338974674)
271,31,Torres,"Urquiza , F.C.G.U.",,,,,,POINT (-59.12903240933492 -34.43278799835511)
272,51,Tortuguitas,"Belgrano Norte , F.C.G.B.",,,,Tortuguitas,Tortuguitas,POINT (-58.757934699971955 -34.47072834567622)
273,223,Tristán Suárez,"Roca , F.C.G.R.",,,,Tristán Suárez,Tristán Suárez,POINT (-58.56790600782278 -34.889400931216045)
274,97,Tropezón,"Urquiza , F.C.G.U.",,,,Caseros,Caseros,POINT (-58.559267812637216 -34.591920173150584)
275,148,Turdera,"Roca , F.C.G.R.",,,,Turdera,Turdera,POINT (-58.40781609512419 -34.79508491911549)
276,236,Unión Ferroviaria,"Roca , F.C.G.R.",,,,La Unión,La Unión,POINT (-58.543376965417046 -34.870271288799486)
277,119,Universidad de Luján,"Sarmiento , F.C.D.F.S.",,,,,,POINT (-59.08720391111079 -34.577450361829214)
278,210,Uribelarrea,"Roca , F.C.G.R.",,,,Cañuelas,Cañuelas,POINT (-58.89840083443176 -35.11542507625092)
279,216,Veinte de Junio,"Belgrano Sur , F.C.G.B.",,,,20 de Junio,20 de Junio,POINT (-58.737950557601444 -34.78025669337994)
280,52,Vicealmirante Montes,"Belgrano Norte , F.C.G.B.",,,,Don Torcuato,Don Torcuato,POINT (-58.62011022175169 -34.504123663698024)
281,3,Vicente Casares,"Roca , F.C.G.R.",,,,Cañuelas,Cañuelas,POINT (-58.64795066412325 -34.96225055526161)
282,265,Vicente López,"Mitre , F.C.G.B.M.",,,,Vicente López,Vicente López,POINT (-58.47276400064025 -34.5248387009881)
283,266,Victoria,"Mitre , F.C.G.B.M.",,,,Victoria,Victoria,POINT (-58.54046604344664 -34.45640768744954)
284,53,Villa Adelina,"Belgrano Norte , F.C.G.B.",,,,Villa Adelina,Villa Adelina,POINT (-58.54621392601971 -34.523730159393445)
285,71,Villa Astolfi,"San Martin , F.C.G.S.M.",,,,Pilar,Pilar,POINT (-58.876954142315604 -34.47866856733365)
286,279,Villa Ballester,"Mitre , F.C.G.B.M.",,,,General San Martín,General San Martín,POINT (-58.556046406304475 -34.55098731692484)
287,192,Villa Caraza,"Belgrano Sur , F.C.G.B.",,,,Lanús Oeste,Lanús Oeste,POINT (-58.42917869404012 -34.698027137082086)
288,55,Villa de Mayo,"Belgrano Norte , F.C.G.B.",,,,Villa de Mayo,Villa de Mayo,POINT (-58.68070401951349 -34.50337851304764)
289,191,Villa Diamante,"Belgrano Sur , F.C.G.B.",,,,Lanús Oeste,Lanús Oeste,POINT (-58.42833864912682 -34.68140511317664)
290,164,Villa Domínico,"Roca , F.C.G.R.",,,,Villa Domínico,Villa Domínico,POINT (-58.32543298899859 -34.69147003237294)
291,169,Villa Elisa,"Roca , F.C.G.R.",,,,Villa Elisa,Villa Elisa,POINT (-58.07515034042929 -34.849632100848154)
292,176,Villa España,"Roca , F.C.G.R.",,,,Villa España,Villa España,POINT (-58.19490245052368 -34.774351447485735)
293,127,Villa Madero,"Belgrano Sur , F.C.G.B.",,,,Villa Madero,Villa Madero,POINT (-58.492419445137315 -34.68407105486788)
294,54,Villa Rosa,"Belgrano Norte , F.C.G.B.",,,,Villa Rosa,Villa Rosa,POINT (-58.87151102322087 -34.41657559595767)
295,231,Villars,"Belgrano Sur , F.C.G.B.",,,,,,POINT (-58.93837703229719 -34.82893720074529)
296,267,Virreyes,"Mitre , F.C.G.B.M.",,,,Virreyes,Virreyes,POINT (-58.55071245417065 -34.450636768781706)
297,165,Wilde,"Roca , F.C.G.R.",,,,Wilde,Wilde,POINT (-58.31135197185844 -34.69751970590955)
298,73,William Morris,"San Martin , F.C.G.S.M.",,,,William C. Morris,William C. Morris,POINT (-58.656774323361645 -34.57835383904754)
299,238,Zamudio,"Sarmiento , F.C.D.F.S.",,,,,,POINT (-58.8922326874134 -34.85790064871327)
300,209,Zapiola,"Sarmiento , F.C.D.F.S.",,,,,,POINT (-59.042025875153 -35.05841674314386)
301,294,Zelaya,"Mitre , F.C.G.B.M.",,,,Zelaya,Zelaya,POINT (-58.8692909866509 -34.3701245570181)
