id,nombre,dia,horario,numero,ubicacion,barrio,comuna,productos,calle,altura,calle2,direccion,observacio
1,FIAB 5,MARTES,de 8:00 a 14:00hs,5,Rojas 1201 entre Antezana y Apolinario Figueroa.,Villa Crespo,15,"Frutihorticolas, pescadería, panadería, especies y legumbres, granja y carnes, fiambres y lácteos",Rojas,1201,NA,ROJAS 1201,NA
2,FIAB 11,VIERNES,de 8:00 a 14:00hs,11,Concepción Arenal - entre Guzmán y Av. Corrientes,Chacarita,15,"Frutihorticolas, pescadería, mascotas, especies y legumbres, granja y carnes, fiambres y lácteos",Concepción Arenal,NA,Av. Corrientes,"ARENAL, CONCEPCION y CORRIENTES AV., CABA",NA
3,FIAB 2,MARTES,de 8:00 a 14:00hs,2,Yrurtia entre Athos Palma y Carlos Pellegrini,Saavedra,12,"Frutihorticolas, pescadería, plantas, especies y legumbres, granja y carnes, fiambres y lácteos",Yrurtia,NA,Athos Palma,"YRURTIA, ROGELIO y PALMA, ATHOS",NA
5,FIAB 12,SABADO,de 8:00 a 14:00hs,12,Sarmiento 3800 entre Bulnes y Salguero,Almagro,5,"Frutihorticolas, pescadería, panadería, plantas, especies y legumbres, granja y carnes, fiambres y lácteos, limpieza",Sarmiento,NA,Bulnes,SARMIENTO y BULNES,Plaza Almagro
6,FIAB 5,MIERCOLES,de 8:00 a 14:00hs,5,ALTE. F. J.SEGUI ENTRE AV. GAONA Y NEUQUEN,Caballito,6,"Frutihorticolas, pescadería, panadería, especies y legumbres, granja y carnes, fiambres y lácteos","SEGUI, F. J., ALTE.",NA,GAONA AV.,"SEGUI, F. J., ALTE. y GAONA AV.",Plaza Irlanda
7,FIAB 5,SABADO,de 8:00 a 14:00hs,5,Bacacay 600 y 700 - entre Hidalgo y cruce Parral,Caballito,6,"Frutihorticolas, pescadería, panadería, especies y legumbres, granja y carnes, fiambres y lácteos",HIDALGO,NA,BACACAY,HIDALGO y BACACAY,NA
8,FIAB 5,DOMINGO,de 8:00 a 14:00hs,5,Seguí entre Neuquén y Av. Gaona,Caballito,6,"Frutihorticolas, pescadería, panadería, especies y legumbres, granja y carnes, fiambres y lácteos",Seguí,NA,Neuquén,"SEGUI, F. J., ALTE. y NEUQUEN",Plaza Irlanda - Sabe La Tierra
9,FIAB 10,JUEVES,de 8:00 a 14:00hs,10,Giordano Bruno 700 entre Neuquén y Bogotá,Caballito,6,"Frutihorticolas, pescadería, especies y legumbres, granja y carnes, fiambres y lácteos",Giordano Bruno,NA,Neuquén,"BRUNO, GIORDANO y NEUQUEN",NA
10,FIAB 12,MARTES,de 8:00 a 14:00hs,12,Av. Patricias Argentinas 400 entre cruce Antonio Machado con Leopoldo Marechal y Bravard,Caballito,6,"Frutihorticolas, pescadería, panadería, plantas, especies y legumbres, granja y carnes, fiambres y lácteos, limpieza",Av. Patricias Argentinas,400,NA,"PATRICIAS ARGENTINAS AV. 400, CABA",Parque Centenario
11,FIAB 12,DOMINGO,de 8:00 a 14:00hs,12,República Dominicana entre Salguero y Vidt,Palermo,14,"Frutihorticolas, pescadería, panadería, plantas, especies y legumbres, granja y carnes, fiambres y lácteos, limpieza",República Dominicana,NA,Salguero,"REPUBLICA DOMINICANA y SALGUERO, JERONIMO, CABA",Plaza Unidad Latinoamericana
12,FIAB 4,MARTES,de 8:00 a 14:00hs,4,Cuba 4400 - entre Arias y Ramallo,Nuñez,13,"Frutihorticolas, pescadería, panadería, plantas, especies y legumbres, granja y carnes, fiambres y lácteos",Cuba,4400,NA,CUBA 4400,NA
13,FIAB 5,VIERNES,de 8:00 a 14:00hs,5,CALCENA ENTRE BOGOTA Y AV. AVELLANEDA (Pza. Angel Gris),Flores,7,"Frutihorticolas, pescadería, panadería, especies y legumbres, granja y carnes, fiambres y lácteos",CALCENA,NA,BOGOTA,CALCENA y BOGOTA,Plaza Angel Gris
14,FIAB 1,JUEVES,de 8:00 a 14:00hs,1,Camarones 4000 - entre Mercedes y Chivilcoy  A.,Floresta,10,"Frutihorticolas, pescadería, panadería, especies y legumbres, granja y carnes, fiambres y lácteos, limpieza",Camarones,4000,NA,"CAMARONES 4000, CABA",Plaza Ciudad de Udine
15,FIAB 7,MIERCOLES,de 8:00 a 14:00hs,7,BAHIA BLANCA ENTRE AV. AVELLANEDA Y BOGOTA,Floresta,10,"Frutihorticolas, pescadería, especies y legumbres, granja y carne, fiambres y lácteos, limpieza",AVELLANEDA AV.,NA,BAHIA BLANCA,AVELLANEDA AV. y BAHIA BLANCA,Plaza Velez Sarsfield
16,FIAB 7,SABADO,de 8:00 a 14:00hs,7,BAHIA BLANCA ENTRE AV. AVELLANEDA Y BOGOTA,Floresta,10,"Frutihorticolas, pescadería, especies y legumbres, granja y carne, fiambres y lácteos, limpieza",AVELLANEDA AV.,NA,BAHIA BLANCA,AVELLANEDA AV. y BAHIA BLANCA,Plaza Velez Sarsfield
17,FIAB 11,JUEVES,de 8:00 a 14:00hs,11,BARCALA ENTRE LA RIOJA Y GRAL. URQUIZA (Pza. Martín Fierro),San Cristobal,3,"Frutihorticolas, pescadería, mascotas, especies y legumbres, granja y carnes, fiambres y lácteos",BARCALA,NA,LA RIOJA,BARCALA y LA RIOJA,Plaza Martín Fierro
19,FIAB 10,VIERNES,de 8:00 a 14:00hs,10,DIP.NAC. OSVALDO E. BENEDETTI ENTRE CORONEL RAMON L. FALCON Y PJE. PARTICULAR (ALT.BENEDETTI 170),Velez Sarsfield,10,"Frutihorticolas, pescadería, especies y legumbres, granja y carnes, fiambres y lácteos",DIP.NAC. OSVALDO E.BENEDETTI,NA,CORONEL RAMON FALCON,DIP.NAC. OSVALDO E.BENEDETTI y CORONEL RAMON FALCON,Plaza Falcón
20,FIAB 8,JUEVES,de 8:00 a 14:00hs,8,CORVALAN ENTRE AV. RIVADAVIA Y AV. RAMON FALCON,Villa Luro,10,"Frutihorticolas, pescadería, mascotas, especies y legumbres, granja y carnes, fiambres y lácteos",CORVALAN,NA,RIVADAVIA AV.,CORVALAN y RIVADAVIA AV.,Plaza Ejército de los Andes
21,FIAB 1,MIERCOLES,de 8:00 a 14:00hs,1,Corrales Viejos  entre Av. Caseros y Patagones.,Parque Patricios,4,"Frutihorticolas, pescadería, panadería, especies y legumbres, granja y carnes, fiambres y lácteos, limpieza",Corrales Viejos,NA,Caseros,CORRALES VIEJOS y CASEROS AV.,NA
22,FIAB 8,VIERNES,de 8:00 a 14:00hs,8,GUAMINI ENTRE ERCILLA Y ULRICO SCHMIDL,Mataderos,9,"Frutihorticolas, pescadería, mascotas, especies y legumbres, granja y carnes, fiambres y lácteos",FRAGATA LA ARGENTINA,NA,ERCILLA,FRAGATA LA ARGENTINA y ERCILLA,Plaza Onésimo Leguizamón
23,FIAB 10,MARTES,de 8:00 a 14:00hs,10,BASUALDO ENTRE MANUEL DE ARTIGAS Y AV. JUAN BAUTISTA ALBERDI,Mataderos,9,"Frutihorticolas, pescadería, especies y legumbres, granja y carnes, fiambres y lácteos",BASUALDO,NA,ARTIGAS MANUEL de,BASUALDO y ARTIGAS MANUEL de,NA
24,FIAB 4,MIERCOLES,de 8:00 a 14:00hs,4,"José I. de La Rosa 5700 entre Fonrouge, Pola y Av. Eva Perón",Villa Lugano,8,"Frutihorticolas, pescadería, panadería, plantas, especies y legumbres, granja y carnes, fiambres y lácteos","DE LA ROSA, JOSE I., DR.",NA,FONROUGE,"DE LA ROSA, JOSE I., DR. y FONROUGE",Plazoleta Horacio Molina
25,FIAB 6,MIERCOLES,de 8:00 a 14:00hs,6,AV. SOLDADO DE LA FRONTERA Y COMBATE DE SAN CARLOS,Villa Lugano,8,"Frutihorticolas, pescadería, plantas, especies y legumbres, granja y carne, fiambres y lácteos, limpieza",SOLDADO DE LA FRONTERA AV.,NA,COMBATE DE SAN CARLOS,SOLDADO DE LA FRONTERA AV. y COMBATE DE SAN CARLOS,NA
26,FIAB 1,MARTES,de 8:00 a 14:00hs,1,ISABEL LA CATOLICA y BRANDSEN,Barracas,4,"Frutihorticolas, pescadería, panadería, especies y legumbres, granja y carnes, fiambres y lácteos, limpieza",ISABEL LA CATOLICA,NA,BRANDSEN,ISABEL LA CATOLICA y BRANDSEN,Plazoleta Colombia
27,FIAB 2,VIERNES,de 8:00 a 14:00hs,2,MACHAIN ENTRE AV. CRISOLOGO LARRALDE Y NUÑEZ,Saavedra,12,"Frutihorticolas, pescadería, plantas, especies y legumbres, granja y carnes, fiambres y lácteos",MACHAIN,NA,"LARRALDE, CRISOLOGO AV.","MACHAIN y LARRALDE, CRISOLOGO AV.",Plaza Alberdi
28,FIAB 4,JUEVES,de 8:00 a 14:00hs,4,GARCIA DEL RIO ENTRE CAP. GRAL. RAMON FREIRE Y CONDE,Saavedra,12,"Frutihorticolas, pescadería, panadería, plantas, especies y legumbres, granja y carnes, fiambres y lácteos",GARCIA DEL RIO,NA,"FREIRE, RAMON, CAP. GRAL.","GARCIA DEL RIO y FREIRE, RAMON, CAP. GRAL.",Parque Saavedra
29,FIAB 4,DOMINGO,de 8:00 a 14:00hs,4,García del Río 3200-3400 entre Conde y Pinto,Saavedra,12,"Frutihorticolas, pescadería, panadería, plantas, especies y legumbres, granja y carnes, fiambres y lácteos",GARCIA DEL RIO,3200,NA,GARCIA DEL RIO AV. 3200,Parque Saavedra - También Sabe la Tierra
30,FIAB 8,MIERCOLES,de 8:00 a 14:00hs,8,PLAZA ENTRE AV. RUIZ HUIDOBRO Y BESARES,Saavedra,12,"Frutihorticolas, pescadería, mascotas, especies y legumbres, granja y carnes, fiambres y lácteos",PLAZA,NA,RUIZ HUIDOBRO AV.,PLAZA y RUIZ HUIDOBRO AV.,NA
31,FIAB 3,SABADO,de 8:00 a 14:00hs,3,BAUNESS ENTRE NAHUEL HUAPI Y Dr. PEDRO I. RIVERA,Villa Urquiza,12,"Pescaderia, especies y legumbres, granja y carne, fiambre y lácteos, limpieza",NAHUEL HUAPI,NA,CAPDEVILA,NAHUEL HUAPI y CAPDEVILA,Plaza Echeverría
32,FIAB 9,VIERNES,de 8:00 a 14:00hs,9,MILLER ENTRE MONROE Y FRANKLIN ROOSVERLT,Villa Urquiza,12,"Frutihorticolas, pescadería, plantas, especies y legumbres, granja y carnes, fiambres y lácteos",MILLER,NA,MONROE,MILLER y MONROE,Plaza Marcos Sastre
33,FIAB 2,MIERCOLES,de 8:00 a 14:00hs,2,CONDE ENTRE SANTOS DUMONTy CONDEPCION ARENAL,Colegiales,13,"Frutihorticolas, pescadería, plantas, especies y legumbres, granja y carnes, fiambres y lácteos",CONDE,NA,"DUMONT, SANTOS","CONDE y DUMONT, SANTOS",Plaza Mafalda
34,FIAB 6,SABADO,de 8:00 a 14:00hs,6,Vidal 1400 entre Virrey Olaguer y Feliú y Virrey Avilés,Colegiales,13,"Frutihorticolas, pescadería, plantas, especies y legumbres, granja y carne, fiambres y lácteos, limpieza",Vidal,NA,Virrey Olaguer y Feliú,"VIDAL y OLAGUER Y FELIU, VIRREY, CABA",NA
35,FIAB 10,SABADO,de 8:00 a 14:00hs,10,Crámer 400 - entre Maure y Jorge Newbery,Colegiales,13,"Frutihorticolas, pescadería, especies y legumbres, granja y carnes, fiambres y lácteos",CRAMER,NA,MAURE,CRAMER y MAURE,NA
36,FIAB 12,JUEVES,de 8:00 a 14:00hs,12,Sarmiento 3800 - entre Bulnes y Salguero,Almagro,5,"Frutihorticolas, pescadería, panadería, plantas, especies y legumbres, granja y carnes, fiambres y lácteos, limpieza",Sarmiento,3800,NA,SARMIENTO 3800,Plaza Almagro
37,FIAB 8,MARTES,de 8:00 a 14:00hs,8,GAVILAN ENTRE AV. GAONA  Y LUIS VIALE,Villa Gral. Mitre,11,"Frutihorticolas, pescadería, mascotas, especies y legumbres, granja y carnes, fiambres y lácteos",GAONA AV.,NA,GAVILAN,GAONA AV. y GAVILAN,Plaza de la Asunción
38,FIAB 10,MIERCOLES,de 8:00 a 14:00hs,10,Remedios de Escalada 2000 entre Boyacá y Andrés Lamas,Villa Gral. Mitre,11,"Frutihorticolas, pescadería, especies y legumbres, granja y carnes, fiambres y lácteos","ESCALADA DE SAN MARTIN, R.",NA,BOYACA,"ESCALADA DE SAN MARTIN, R. y BOYACA",Plaza Dr. R.Saenz Peña
39,FIAB 1,SABADO,de 8:00 a 14:00hs,1,Anchorena 900 - Cabrera 2800,Recoleta,2,"Frutihorticolas, pescadería, panadería, especies y legumbres, granja y carnes, fiambres y lácteos, limpieza",Anchorena,NA,Cabrera,"ANCHORENA, TOMAS MANUEL DE, DR. y CABRERA, JOSE A.",NA
40,FIAB 3,MIERCOLES,de 8:00 a 14:00hs,3,California  -entre Vélez Sárfield y Luzuriaba,Barracas,4,"Pescaderia, especies y legumbres, granja y carne, fiambre y lácteos, limpieza",CALIFORNIA,NA,VELEZ SARSFIELD AV.,CALIFORNIA y VELEZ SARSFIELD AV.,Plaza Leonardo Pereyra
42,FIAB 6,JUEVES,de 8:00 a 14:00hs,6,Amancio Alcorta 1400 al 1500 entre Baigorri y Sanlucar de Barrameda,Barracas,4,"Frutihorticolas, pescadería, plantas, especies y legumbres, granja y carne, fiambres y lácteos, limpieza",Amancio Alcorta,NA,Baigorri,"ALCORTA, AMANCIO AV. y BAIGORRI, CABA",Parque España
43,FIAB 6,VIERNES,de 8:00 a 14:00hs,6,Av. Asamblea 1000 entre Emilio Mitre y Víctor Martínez - Parque Chacabuco,Parque Chacabuco,7,"Frutihorticolas, pescadería, plantas, especies y legumbres, granja y carne, fiambres y lácteos, limpieza",Av. Asamblea,1000,NA,"ASAMBLEA AV. 1000, CABA",Parque Chacabuco
44,FIAB 6,DOMINGO,de 8:00 a 14:00hs,6,Emilio Mitre entre Av. Asamblea y Salas,Parque Chacabuco,7,"Frutihorticolas, pescadería, plantas, especies y legumbres, granja y carne, fiambres y lácteos, limpieza",Emilio Mitre,NA,ASAMBLEA AV.,"MITRE, EMILIO y ASAMBLEA AV.",Parque Chacabuco
45,FIAB 9,MARTES,de 8:00 a 14:00hs,9,O´Higgins 2600 entre Manuel Ugarte y Roosvelt,Belgrano,13,"Frutihorticolas, pescadería, plantas, especies y legumbres, granja y carnes, fiambres y lácteos",O´Higgins,2600,NA,"O'HIGGINS 2600, CABA",Plaza Alberti
46,FIAB 5,JUEVES,de 8:00 a 14:00hs,5,Av. Riestra 1800 entre Pres. Torres y Agustín De Vedia,Nueva Pompeya,4,"Frutihorticolas, pescadería, panadería, especies y legumbres, granja y carnes, fiambres y lácteos",Av. Riestra,1800,NA,"RIESTRA AV. 1800, CABA",Parque Juan XXIII
47,FIAB 9,MIERCOLES,de 8:00 a 14:00hs,9,Dragones 1700 entre La Pampa y Av. Valentín Alsina,Belgrano,13,"Frutihorticolas, pescadería, plantas, especies y legumbres, granja y carnes, fiambres y lácteos",Dragones,NA,La Pampa,"DRAGONES y LA PAMPA, CABA",NA
48,FIAB 9,JUEVES,de 8:00 a 14:00hs,9,CORRALES Y AV. LA PLATA,Nueva Pompeya,4,"Frutihorticolas, pescadería, plantas, especies y legumbres, granja y carnes, fiambres y lácteos",CORRALES,NA,LA PLATA AV.,CORRALES y LA PLATA AV.,NA
49,FIAB 1,VIERNES,de 8:00 a 14:00hs,1,Julián Alvarez entre Juncal y French,Palermo,14,"Frutihorticolas, pescadería, panadería, especies y legumbres, granja y carnes, fiambres y lácteos, limpieza",julian alvarez,NA,JUNCAL,"ALVAREZ, JULIAN y JUNCAL",NA
50,FIAB 11,SABADO,de 8:00 a 14:00hs,11,Nicaragua 4500 - entre Malabia y Armenia - Plaza Armenia,Palermo,14,"Frutihorticolas, pescadería, mascotas, especies y legumbres, granja y carnes, fiambres y lácteos",MALABIA,NA,NICARAGUA,MALABIA y NICARAGUA,NA
51,FIAB 13,MIERCOLES,de 8:00 a 14:00hs,13,República Dominicana entre Salguero y Vidt,Palermo,14,Productos Organicos,República Dominicana,NA,Salguero,"REPUBLICA DOMINICANA y SALGUERO, JERONIMO",Plaza Unidad Latinoamericana
52,FIAB 3,JUEVES,de 8:00 a 14:00hs,3,Nahuel Huapi - entre Capdevilla y Bauness,Villa Urquiza,12,"Pescaderia, especies y legumbres, granja y carne, fiambre y lácteos, limpieza",Nahuel Huapi,NA,Capdevila,NAHUEL HUAPI y CAPDEVILA,NA
53,FIAB 7,VIERNES,de 8:00 a 14:00hs,7,HABANA ENTRE HELGUERA Y ARGERICH,Villa Pueyrredon,12,"Frutihorticolas, pescadería, especies y legumbres, granja y carne, fiambres y lácteos, limpieza",HELGUERA,NA,PAREJA,HELGUERA y PAREJA,Plaza Martín Rodríguez
54,FIAB 7,MARTES,de 8:00 a 14:00hs,7,Pareja entre Chivilcoy y Bahía Blanca.,Villa Devoto,11,"Frutihorticolas, pescadería, especies y legumbres, granja y carne, fiambres y lácteos, limpieza",PAREJA,NA,Bahia Blanca,PAREJA y BAHIA BLANCA,Plaza Arenales
55,FIAB 7,JUEVES,de 8:00 a 14:00hs,7,CORONEL RAMON LISTA Y PEDRO CALDERON DE LA BARCA (Pza. El Maestro),Villa Devoto,11,"Frutihorticolas, pescadería, especies y legumbres, granja y carne, fiambres y lácteos, limpieza","LISTA, RAMON, CORONEL",NA,CERVANTES,"LISTA, RAMON, CORONEL y CERVANTES",Plaza El Maestro
56,FIAB 12,VIERNES,de 8:00 a 14:00hs,12,ARREGUI ENTRE ROMA Y LISBOA,Versalles,10,"Frutihorticolas, pescadería, panadería, plantas, especies y legumbres, granja y carnes, fiambres y lácteos, limpieza",ROMA,NA,ARREGUI,ROMA y ARREGUI AV.,Plaza Ciudad de Banff
57,FIAB 9,SABADO,de 8:00 a 14:00hs,9,BALCARCE ENTRE MEXICO Y CHILE,Monserrat,1,"Frutihorticolas, pescadería, plantas, especies y legumbres, granja y carnes, fiambres y lácteos",BALCARCE,NA,MEXICO,BALCARCE y MEXICO,NA
58,FIAB 9,DOMINGO,de 8:00 a 14:00hs,9,MENDOZA Y RAMSAY,Belgrano,13,"Frutihorticolas, pescadería, plantas, especies y legumbres, granja y carnes, fiambres y lácteos",MENDOZA,NA,RAMSAY,MENDOZA y RAMSAY,"<ul>
<li> Fútbol (Masculino)
<li> Fútbol (Femenino)
<li> Boxeo
<li> Hockey (Femenino)
</ul>
Apto para personas con discapacidad"
59,FIAB 11,MIERCOLES,de 8:00 a 14:00hs,11,MANUEL UGARTE ENTRE ARCOS Y O'HIGGINS,Belgrano,13,"Frutihorticolas, pescadería, mascotas, especies y legumbres, granja y carnes, fiambres y lácteos",UGARTE MANUEL,NA,ARCOS,"UGARTE, MANUEL y ARCOS",Plaza Alberti
60,FIAB 4,SABADO,de 8:00 a 14:00hs,4,CUBA Y ARIAS,Nuñez,13,"Frutihorticolas, pescadería, panadería, plantas, especies y legumbres, granja y carnes, fiambres y lácteos",CUBA,NA,ARIAS,CUBA y ARIAS,Plaza Felix Lima
61,FIAB 3,MARTES,de 8:00 a 14:00hs,3,Av. Alte. Brown 350 al 490,Boca,4,"Pescaderia, especies y legumbres, granja y carne, fiambre y lácteos, limpieza",Av. Alte. Brown,350,NA,"BROWN, ALTE. AV. 350",NA
62,FIAB 3,VIERNES,de 8:00 a 14:00hs,3,Larsen 2400 entre Gral. José Gervasio de Artigas y Zamudio,Villa Pueyrredon,12,"Pescaderia, especies y legumbres, granja y carne, fiambre y lácteos, limpieza",Larsen,2400,NA,"LARSEN 2400, CABA",Plaza Leandro N. Alem
63,FIAB 8,SABADO,de 8:00 a 14:00hs,8,CABOTO Y ARZOBISPO ESPINOSA (Pza. Islas Malvinas),Boca,4,"Frutihorticolas, pescadería, mascotas, especies y legumbres, granja y carnes, fiambres y lácteos",CABOTO,NA,ARZOBISPO ESPINOSA,CABOTO y ARZOBISPO ESPINOSA,Plaza Islas Malvinas
64,FIAB 2,SABADO,de 8:00 a 14:00hs,2,Yrurtia entre Athos Palma y Carlos Pellegrini,Saavedra,12,"Frutihorticolas, pescadería, plantas, especies y legumbres, granja y carnes, fiambres y lácteos",Yrurtia,NA,Athos Palma,"YRURTIA, ROGELIO y PALMA, ATHOS",NA
65,FIAB 8,DOMINGO,de 8:00 a 14:00hs,8,Av. San Juan entre Solís y Virrey Cevallos,Constitucion,1,"Frutihorticolas, pescadería, mascotas, especies y legumbres, granja y carnes, fiambres y lácteos",Av. San Juan,NA,Solis,"SAN JUAN AV. y SOLIS, CABA",NA
66,FIAB 2,JUEVES,de 8:00 a 14:00hs,2,Nogoyá 5400 entre Gordillo y Juan E. Martínez,Villa Real,10,"Frutihorticolas, pescadería, plantas, especies y legumbres, granja y carnes, fiambres y lácteos",NOGOYA,NA,GORDILLO,"NOGOYA y GORDILLO, JOSE O., CNEL.",Plaza Juan Terán
67,FIAB 14,MARTES,de 8:00 a 14:00hs,14,ESTADOS UNIDOS ENTRE LINIERS VIRREY y SANCHEZ DE LORIA (Pza. Boedo),Boedo,5,"Frutihorticolas, pescadería, panadería, especies y legumbres, granja y carnes, fiambres y lácteos",Estados Unidos,NA,Virrey Liniers,ESTADOS UNIDOS y LINIERS VIRREY,Plaza Boedo
68,FIAB 14,MIERCOLES,de 8:00 a 14:00hs,14,CALDEN Y SANTO TOME,Versalles,10,"Frutihorticolas, pescadería, panadería, especies y legumbres, granja y carnes, fiambres y lácteos",Caldén,NA,Santo Tomé,CALDEN y SANTO TOME,Plazoleta Belisario Roldán
69,FIAB 14,JUEVES,de 8:00 a 14:00hs,14,DORREGO AV. ENTRE LUIS MARIA CAMPOS y HUERGO,Palermo,14,"Frutihorticolas, pescadería, panadería, especies y legumbres, granja y carnes, fiambres y lácteos",DORREGO,NA,LUIS MARIA CAMPOS,"DORREGO AV. y CAMPOS, LUIS M. AV.",NA
70,FIAB 14,VIERNES,de 8:00 a 14:00hs,14,HAMBURGO ENTRE BUCAREST Y BURELA (Pza. Alfredo Nobel),Parque Chas,15,"Frutihorticolas, pescadería, panadería, especies y legumbres, granja y carnes, fiambres y lácteos",HAMBURGO,NA,BUCAREST,HAMBURGO y BUCAREST,Plaza Dr. Alfredo Nobel
71,FIAB 14,SABADO,de 8:00 a 14:00hs,14,HIPOLITO YRIGOYEN ENTRE PASCO Y PICHINCHA (Pza. Primero de Mayo),Balvanera,3,"Frutihorticolas, pescadería, panadería, especies y legumbres, granja y carnes, fiambres y lácteos",HIPOLITO YRIGOYEN,NA,PASCO,"YRIGOYEN, HIPOLITO y PASCO",Plaza 1ro de Mayo
72,FIAB 14,DOMINGO,de 8:00 a 14:00hs,14,DORREGO AV. ENTRE LUIS MARIA CAMPOS y HUERGO,Palermo,14,"Frutihorticolas, pescadería, panadería, especies y legumbres, granja y carnes, fiambres y lácteos",DORREGO AV.,NA,LUIS MARIA CAMPOS,"DORREGO AV. y CAMPOS, LUIS M. AV.",NA
73,FIAB 15,MARTES,de 8:00 a 14:00hs,15,El Rastreador y Tuyutí (Plaza Sarmiento),Liniers,9,"Frutihorticolas, pescadería, panadería, mascotas, especies y legumbres, granja y carnes, fiambres y lácteos, limpieza",El Rastreador,NA,Tuyuti,EL RASTREADOR y TUYUTI,Plaza Sarmiento
74,FIAB 15,MIERCOLES,de 8:00 a 14:00hs,15,Pres. Luis Sáenz Peña 1500 - entre Pavón y Juan de Garay,Constitucion,1,"Frutihorticolas, pescadería, panadería, mascotas, especies y legumbres, granja y carnes, fiambres y lácteos, limpieza",Pres. Luis Sáenz Peña,1500,NA,"SAENZ PEÑA, LUIS, PRES. 1500",Plaza Garay
75,FIAB 15,JUEVES,de 8:00 a 14:00hs,15,Av. Lacarra y Av. Roca,Villa Soldati,8,"Frutihorticolas, pescadería, panadería, mascotas, especies y legumbres, granja y carnes, fiambres y lácteos, limpieza",Lacarra,NA,Roca,"LACARRA AV. y ROCA, CNEL. AV.",NA
76,FIAB 15,VIERNES,de 8:00 a 14:00hs,15,Zelarrayán 5600 - entre Oliden y Murguiondo,Villa Lugano,8,"Frutihorticolas, pescadería, panadería, mascotas, especies y legumbres, granja y carnes, fiambres y lácteos, limpieza",Zelarrayán,5600,NA,"ZELARRAYAN 5600, CABA",Plaza Nicolás Granada
77,FIAB 15,SABADO,de 8:00 a 14:00hs,15,Dr. Ricardo Levene 900 entre Dr. Luis Agote y Av. Pueyrredon,Recoleta,2,"Frutihorticolas, pescadería, panadería, mascotas, especies y legumbres, granja y carnes, fiambres y lácteos, limpieza",Ricardo Levene,901,NA,"LEVENE, RICARDO, DR. 901",Plaza Francia
78,FIAB 15,DOMINGO,de 8:00 a 14:00hs,15,Remedios 4300 - entre Mozart y Moreto,Parque Avellaneda,9,"Frutihorticolas, pescadería, panadería, mascotas, especies y legumbres, granja y carnes, fiambres y lácteos, limpieza",Moreto,NA,Remedios,MORETO y REMEDIOS,Plaza Domingo Olivera
79,FIAB 16,DOMINGO,de 8:00 a 14:00hs,16,Chacabuco 1200 - Plaza V. Peñaloza,San Telmo,1,"Frutihorticolas, granja y carnes",Chacabuco,1200,NA,CHACABUCO 1200,NA
80,FIAB 11,MARTES,de 8:00 a 14:00hs,11,Warnes 2200 entre Yerua y Donato Álvarez,Paternal,15,"Frutihorticolas, pescadería, mascotas, especies y legumbres, granja y carnes, fiambres y lácteos",Warnes,2200,NA,"WARNES AV. 2200, CABA",NA
85,FIAB 17,VIERNES,de 8:00 a 14:00hs,17,GIRIBONE ENTRE HEREDIA Y 14 DE JULIO,Villa Ortuzar,15,"Frutihorticolas, pescadería, especies y legumbres, granja y carnes, fiambres y lácteos, limpieza",GIRIBONE,NA,HEREDIA,GIRIBONE y HEREDIA,Plaza 25 de agosto
86,FIAB 17,MARTES,de 8:00 a 14:00hs,17,Lavalle entre Salguero y Medrano,Almagro,5,"Frutihorticolas, pescadería, especies y legumbres, granja y carnes, fiambres y lácteos, limpieza",Lavalle,NA,Medrano,LAVALLE y MEDRANO AV.,NA
87,FIAB 17,MIERCOLES,de 8:00 a 14:00hs,17,Miranda y Lope de Vega - Plaza Don Bosco,Villa Luro,10,"Frutihorticolas, pescadería, especies y legumbres, granja y carnes, fiambres y lácteos, limpieza",Miranda,NA,Lope de Vega,MIRANDA y LOPE DE VEGA AV.,NA
88,FIAB 17,JUEVES,de 8:00 a 14:00hs,17,Montenegro entre Heredia y Sendero Estomba,Villa Ortuzar,15,"Frutihorticolas, pescadería, especies y legumbres, granja y carnes, fiambres y lácteos, limpieza",Montenegro,NA,Heredia,MONTENEGRO y HEREDIA,NA
89,FIAB 17,SABADO,de 8:00 a 14:00hs,17,Gurruchaga entre Padilla y Murillo,Villa Crespo,15,"Frutihorticolas, pescadería, especies y legumbres, granja y carnes, fiambres y lácteos, limpieza",Gurruchaga,NA,Murillo,GURRUCHAGA y MURILLO,NA
90,FIAB 17,DOMINGO,de 8:00 a 14:00hs,17,Giribone entre Heredia y 14 de Julio - Plaza 25 de agosto,Villa Ortuzar,15,"Frutihorticolas, pescadería, especies y legumbres, granja y carnes, fiambres y lácteos, limpieza",Giribone,NA,Heredia,GIRIBONE y HEREDIA,"PLAZA 25 DE AGOSTO 

"
91,FIAB 18,MARTES,de 8:00 a 14:00hs,18,Emilio Lamarca 2100 -entre Lezcano y Álvarez Jonte,Villa Del Parque,11,"Frutihorticolas, pescadería, panadería, especies y legumbres, granja y carnes, fiambres y lácteos",Emilio Lamarca,2100,NA,"LAMARCA, EMILIO 2100, CABA",NA
92,FIAB 18,MIERCOLES,de 8:00 a 14:00hs,18,Liverpool y Londres – Plaza Éxodo Jujeño,Parque Chas,15,"Frutihorticolas, pescadería, panadería, especies y legumbres, granja y carnes, fiambres y lácteos",Londres,NA,Liverpool,LONDRES y LIVERPOOL,Plaza Exodo Jujeño
93,FIAB 18,JUEVES,de 8:00 a 14:00hs,18,CAMACUA ENTRE AV. DIRECTORIO Y FRANCISCO BILBAO (Pza. Misericordia),Flores,7,"Frutihorticolas, pescadería, panadería, especies y legumbres, granja y carnes, fiambres y lácteos",Francisco Bilbao,NA,Lautaro,"BILBAO, FRANCISCO y LAUTARO",NA
94,FIAB 18,VIERNES,de 8:00 a 14:00hs,18,BENITO QUINQUELA MARTIN Y HERRERA,Barracas,4,"Frutihorticolas, pescadería, panadería, especies y legumbres, granja y carnes, fiambres y lácteos",Quinquela Martin,1940,NA,"QUINQUELA MARTIN, BENITO 1940",Plaza Herrera
95,FIAB 18,SABADO,de 8:00 a 14hs,18,Yerbal entre Cayetano Rodriguez y Artigas,Flores,7,"Frutihorticolas, pescadería, panadería, especies y legumbres, granja y carnes, fiambres y lácteos",Yerbal,NA,Artigas,"YERBAL y ARTIGAS, JOSE GERVASIO, GRAL.",Plaza Pueyrredón
96,FIAB 18,DOMINGO,de 8:00 a 14:00hs,18,HIPOLITO YRIGOYEN entre MUÑIZ y AV. LA PLATA,Almagro,5,"Frutihorticolas, pescadería, panadería, especies y legumbres, granja y carnes, fiambres y lácteos",HIPOLITO YRIGOYEN,4300,NA,"YRIGOYEN, HIPOLITO AV. 4300",NA
98,FIAB 19,MIERCOLES,de 8:00 a 14:00hs,19,México 2600 - entre Jujuy y Saavedra.,Balvanera,3,"Frutihorticolas, especies y legumbres, granja y carnes, fiambres y lácteos, limpieza",Mexico,2600,NA,MEXICO 2600,NA
99,FIAB 19,JUEVES,de 8:00 a 14:00hs,19,COCHABAMBA ENTRE TACUARI Y BERNARDO DE IRIGOYEN,Constitucion,1,"Frutihorticolas, especies y legumbres, granja y carnes, fiambres y lácteos, limpieza",COCHABAMBA,900,NA,COCHABAMBA 900,NA
100,FIAB 19,VIERNES,de 8:00 a 14:00hs,19,José Mármol entre Metán y Las Casas,Boedo,5,"Frutihorticolas, especies y legumbres, granja y carnes, fiambres y lácteos, limpieza",JOSE MARMOL,1800,NA,"MARMOL, JOSE 1800",NA
101,FIAB 19,SABADO,de 8:00 a 14:00hs,19,México 2600 - entre Jujuy y Saavedra,Balvanera,3,"Frutihorticolas, especies y legumbres, granja y carnes, fiambres y lácteos, limpieza",Mexico,2600,NA,MEXICO 2600,NA
102,FIAB 19,DOMINGO,de 8:00 a 14:00hs,19,Cochabamba 900 entre Tacuarí y Bernardo de Irigoyen,Constitucion,1,"Frutihorticolas, especies y legumbres, granja y carnes, fiambres y lácteos, limpieza",Cochabamba,900,NA,COCHABAMBA 900,NA
103,FIAB 20,MARTES,de 8:00 a 14:00hs,20,Sarandí 1400 (entre Constitución y Pavón),San Cristobal,3,"Frutihorticolas, pescadería, especies y legumbres, granja y carnes, fiambres y lácteos",SARANDI,1400,NA,SARANDI 1400,NA
104,FIAB 20,MIERCOLES,de 8:00 a 14:00hs,20,Predio Villa Olimpica,Villa Soldati,8,"Frutihorticolas, pescadería, especies y legumbres, granja y carnes, fiambres y lácteos",Camet,NA,Escalada,"CAMET, FRANCISCO y ESCALADA AV., CABA","Espacio verde comprendido entre Francisco Camet, Alberto Demiddi, Av. Escala y Blvd. Olípico José Benjamín Zubiar"
105,FIAB 20,JUEVES,de 8:00 a 14:00hs,20,CRISOSTOMO ALVAREZ Y BALBASTRO,Flores,7,"Frutihorticolas, pescadería, especies y legumbres, granja y carnes, fiambres y lácteos",SAN PEDRITO,1400,NA,SAN PEDRITO 1400,NA
106,FIAB 20,VIERNES,de 8:00 a 14:00hs,20,Av Pichincha 1700 entre Brasil e Inclán,Parque Patricios,4,"Frutihorticolas, pescadería, especies y legumbres, granja y carnes, fiambres y lácteos",Pichincha,1700,NA,PICHINCHA AV. 1700,Plaza Vuelta de Obligado
107,FIAB 20,SABADO,de 8:00 a 14:00hs,20,Castillo 700 entre Gurruchaga y Serrano,Villa Crespo,15,"Frutihorticolas, pescadería, especies y legumbres, granja y carnes, fiambres y lácteos",CASTILLO,700,NA,CASTILLO 700,NA
108,FIAB 20,DOMINGO,de 8:00 a 14:00hs,20,Yatay al 800 - entre Humahuaca y Av. Corrientes,Almagro,5,"Frutihorticolas, pescadería, especies y legumbres, granja y carnes, fiambres y lácteos",Yatay,NA,Corrientes,YATAY y CORRIENTES AV.,NA
109,FIAB 21,MARTES,de 8:00 a 14:00hs,21,Mercedes 1800,Monte Castro,10,"Frutihorticolas, pescadería, especies y legumbres, granja y carnes, fiambre y lácteos",Mercedes,1800,NA,MERCEDES 1800,Plaza Montecastro
111,FIAB 21,JUEVES,de 8:00 a 14:00hs,21,Bolívar entre Av. San Juan y Humberto 1°,San Telmo,1,"Frutihorticolas, pescadería, especies y legumbres, granja y carnes, fiambre y lácteos",Bolivar,NA,San Juan av.,BOLIVAR y SAN JUAN AV.,NA
112,FIAB 21,VIERNES,de 8:00 a 14:00hs,21,Llavallol entre Franco y Obispo San Alberto,Villa Devoto,11,"Frutihorticolas, pescadería, especies y legumbres, granja y carnes, fiambre y lácteos",LLAVALLOL,5200,NA,LLAVALLOL 5200,NA
113,FIAB 21,SABADO,de 8:00 a 14:00hs,21,Boulogne Sur Mer 200 - entre Tte. Gral. Juan Domingo Perón y Sarmiento,Balvanera,3,"Frutihorticolas, pescadería, especies y legumbres, granja y carnes, fiambre y lácteos",Boulogne Sur mer,NA,Perón,"BOULOGNE SUR MER y PERON, JUAN DOMINGO, TTE. GENERAL",Dentro del Predio Once
114,FIAB 21,DOMINGO,de 8:00 a 14:00hs,21,GUALEGUAYCHU ENTRE JOSE PEDRO VARELA Y AV. BEIRO,Villa Devoto,11,"Frutihorticolas, pescadería, especies y legumbres, granja y carnes, fiambre y lácteos",GUALEGUAYCHU,3200,NA,GUALEGUAYCHU 3200,NA
116,FIAB 23,MIERCOLES,de 8:00 a 14:00hs,23,EMMA DE LA BARRA ENTRE AV. DE LOS ITALIANOS Y JUANA MANSO,Puerto Madero,1,"Frutihorticolas, pescadería, panadería, especies y legumbres, granja y carnes, fiambres y lácteos",EMMA DE LA BARRA,400,NA,"DE LA BARRA,  EMMA 400",Plazoleta Raquel Forner
117,FIAB 23,JUEVES,de 8:00 a 14:00hs,23,Ricardo Gutierrez 2400 entre Estado Plurinacional de Bolivia y Empedrado,Villa Del Parque,11,"Frutihorticolas, pescadería, panadería, especies y legumbres, granja y carnes, fiambres y lácteos",Ricardo Gutierrez,NA,Empedrado,"GUTIERREZ, RICARDO y EMPEDRADO, CABA",NA
118,FIAB 23,VIERNES,de 8:00 a 14:00hs,23,Castex entre Scalabrini Ortíz y Cavia,Palermo,14,"Frutihorticolas, pescadería, panadería, especies y legumbres, granja y carnes, fiambres y lácteos",CASTEX,NA,Cavia,CASTEX y CAVIA,Plaza Alemania
119,FIAB 23,SABADO,de 8:00 a 14:00hs,23,Arias 2800 - entre Av. Crámer y Conesa - Plaza Vicuña Mackenna,Saavedra,12,"Frutihorticolas, pescadería, panadería, especies y legumbres, granja y carnes, fiambres y lácteos",ARIAS,2800,NA,ARIAS 2800,Plaza Vicuña Mackenna
120,FIAB 23,DOMINGO,de 8:00 a 14:00hs,23,Rosario Vera Peñaloza 600 - entre Calabria y Lanteri.,Puerto Madero,1,"Frutihorticolas, pescadería, panadería, especies y legumbres, granja y carnes, fiambres y lácteos",ROSARIO VERA PEÑALOZA,600,NA,"VERA PEÑALOZA,  ROSARIO 600",NA
121,FIAB 24,MARTES,de 8:00 a 14:00hs,24,Moliere 2700 entre José Pedro Varela y Cnel. Ramón Lista (Pza. Las Toscaneras de Villa Real),Villa Real,10,"Frutihorticolas, pescadería, especies y legumbres, granja y carnes, fiambres y lácteos",Moliere,2700,NA,MOLIERE 2700,Pza. Las Toscaneras de Villa Real
122,FIAB 24,MIERCOLES,de 8:00 a 14:00hs,24,"La Rioja 100, entre Hipólito Irigoyen y Avda. Rivadavia.",Balvanera,3,"Frutihorticolas, pescadería, especies y legumbres, granja y carnes, fiambres y lácteos",La Rioja,100,NA,LA RIOJA 100,NA
123,FIAB 24,JUEVES,de 8:00 a 14:00hs,24,Moliere 2700 - entre José Pedro Varela y Coronel Ramón Lista,Villa Real,10,"Frutihorticolas, pescadería, especies y legumbres, granja y carnes, fiambres y lácteos",Moliere,2700,NA,MOLIERE 2700,Plaza Las Toscaneras de Villa Real
124,FIAB 24,VIERNES,de 8:00 a 14:00hs,24,Monasterio 1 al 200 entre Av. Caseros y Uspallata,Parque Patricios,4,"Frutihorticolas, pescadería, especies y legumbres, granja y carnes, fiambres y lácteos",Monasterio,NA,Caseros,"MONASTERIO y CASEROS AV., CABA",Parque Florentino Ameghino
125,FIAB 24,SABADO,de 8:00 a 14:00hs,24,"La Rioja 100, entre Hipólito Irigoyen y Avda. Rivadavia.",Balvanera,3,"Frutihorticolas, pescadería, especies y legumbres, granja y carnes, fiambres y lácteos",La Rioja,100,NA,LA RIOJA 100,NA
126,FIAB 24,DOMINGO,de 8:00 a 14:00hs,24,"Cerrito 900, entre Paraguay y Alvear, Marcelo T. de",Retiro,1,"Frutihorticolas, pescadería, especies y legumbres, granja y carnes, fiambres y lácteos",Cerrito,900,NA,CERRITO 900,Plaza Libertad
128,FIAB 25,MIERCOLES,de 8:00 a 14:00hs,25,Manzanares 2300 - entre Av. Cabildo y Vuelta de Obligado,Nuñez,13,"Frutihorticolas, pescadería, panadería, especies y legumbres, granja y carnes, fiambres y lácteos",Manzanares,2300,NA,MANZANARES 2300,Plaza Balcarce
129,FIAB 25,JUEVES,de 8:00 a 14:00hs,25,John Fitzgerald Kennedy 2800 entre Demaría y Av. Cerviño,Palermo,14,"Frutihorticolas, pescadería, panadería, especies y legumbres, granja y carnes, fiambres y lácteos",kENNEDY,2850,NA,"KENNEDY, JOHN FITZGERALD 2850",NA
130,FIAB 25,VIERNES,de 8:00 a 14:00hs,25,José Bonifacio 1000 entre Cachimayo y Emilio Mitre,Caballito,6,"Frutihorticolas, pescadería, panadería, especies y legumbres, granja y carnes, fiambres y lácteos",José Bonifacio,NA,Emilio Mitre,"BONIFACIO, JOSE y MITRE, EMILIO, CABA",NA
131,FIAB 25,SABADO,de 8:00 a 14:00hs,25,El profeta de La Pampa 4600 y Padre Montes Carballo (Plazoleta Latino Americana),Parque Avellaneda,9,"Frutihorticolas, pescadería, panadería, especies y legumbres, granja y carnes, fiambres y lácteos",El profeta de la pampa,4650,NA,EL PROFETA DE LA PAMPA 4650,NA
132,FIAB 25,DOMINGO,de 8:00 a 14:00hs,25,Manzanares 2300,Nuñez,13,"Frutihorticolas, pescadería, panadería, especies y legumbres, granja y carnes, fiambres y lácteos",Manzanares,2300,NA,MANZANARES 2300,NA
141,FIAB 27,JUEVES,de 8:00 a 14:00hs,27,Corrales 800 - entre Av. La Plata y Gual,Nueva Pompeya,4,"Frutihorticolas, pescadería, especies y legumbres, granja y carnes, fiambres y lácteos",Corrales,801,NA,CORRALES 801,NA
142,FIAB 27,VIERNES,de 8:00 a 14:00hs,27,Homero 100 - entre Cnel. Ramón L. Falcón y Rafaela,Villa Luro,10,"Frutihorticolas, pescadería, especies y legumbres, granja y carnes, fiambres y lácteos",Homero,NA,Cnel Ramón Falcón,"HOMERO y FALCON, RAMON L.,CNEL., CABA",NA
145,FIAB 27,DOMINGO,de 8:00 a 14:00hs,27,Estomba entre Manuel Ugarte y Congreso,Coghlan,12,"Frutihorticolas, pescadería, especies y legumbres, granja y carnes, fiambres y lácteos",ESTOMBA,NA,UGARTE,"ESTOMBA y UGARTE, MANUEL",NA
147,FIAB 27,SABADO,de 8:00 a 14:00hs,27,RAVIGNANI 2000,Palermo,14,"Frutihorticolas, pescadería, especies y legumbres, granja y carnes, fiambres y lácteos",RAVIGNANI,2000,NA,"RAVIGNANI, EMILIO, DR. 2000",NA
149,FIAB 27,MARTES,de 8:00 a 14:00hs,27,"LOYOLA 1300, ENTRE FITZ ROY Y HUMBOLDT",Chacarita,15,"Frutihorticolas, pescadería, especies y legumbres, granja y carnes, fiambres y lácteos",LOYOLA,1300,NA,LOYOLA 1300,NA
152,FIAB 28,MARTES,de 8:00 a 14:00hs,28,Cantilo entre Pacheco de Melo y Av. Las Heras,Recoleta,2,NA,Cantilo,NA,Pacheco de Melo,"CANTILO y PACHECO DE MELO, JOSE ANDRES, CABA",Plaza Emilio Mitre
154,FIAB 28,JUEVES,de 8:00 a 16:00hs,28,Paraná 1200 entre Arenales y Juncal,Recoleta,2,NA,Paraná,NA,Arenales,"PARANA y ARENALES, CABA",NA
155,FIAB 28,VIERNES,de 8:00 a 14:00hs,28,Terrada 1500 entre Remedios de Escalada de San Martín y Luis Belaustegui,Villa Santa Rita,11,NA,Terrada,1500,NA,"TERRADA 1500, CABA",NA
156,FIAB 28,SABADO,de 8:00 a 14:00hs,28,Cantilo entre Pacheco de Melo y Av. Las Heras,Recoleta,2,NA,Cantilo,NA,Pacheco de Melo,"CANTILO y PACHECO DE MELO, JOSE ANDRES, CABA",BA Market - Plaza Emilio Mitre
157,FIAB 29,DOMINGO,de 8:00 a 14:00hs,29,Av. de Mayo entre Luis Sáenz Peña y Rivadavia,San Nicolas,1,"Frutihorticolas, pescadería, especies y legumbres, granja y carnes, fiambres y lácteos",Av. de Mayo,NA,Rivadavia,DE MAYO AV. y RIVADAVIA AV.,NA
158,FIAB 29,SABADO,de 8:00 a 14:00hs,29,Virrey Arredondo 3500 entre Delgado y Av. Álvarez Thomas,Colegiales,13,"Frutihorticolas, pescadería, especies y legumbres, granja y carnes, fiambres y lácteos",Virrey Arredondo,3500,NA,"ARREDONDO, VIRREY 3500, CABA",Suspendida momentáneamente.
160,FIAB 29,VIERNES,de 8:00 a 14:00hs,29,Gallo 600,Almagro,5,"Frutihorticolas, pescadería, especies y legumbres, granja y carnes, fiambres y lácteos",Gallo,600,NA,GALLO 600,NA
161,FIAB 29,MIERCOLES,de 8:00 a 14:00hs,29,Gallo 600 -entre Guardia Vieja y Lavalle,Almagro,5,"Frutihorticolas, pescadería, especies y legumbres, granja y carnes, fiambres y lácteos",Gallo,600,NA,GALLO 600,NA
162,FIAB 29,JUEVES,de 8:00 a 14:00hs,29,Av. Independencia 4200 al 4300 – Pasaje Saara Vaadmonde,Boedo,5,"Frutihorticolas, pescadería, especies y legumbres, granja y carnes, fiambres y lácteos",Av. Independencia,4200,NA,"INDEPENDENCIA AV. 4200, CABA",NA
163,FIAB 7,JUEVES,de 8:00 a 14:00hs,7,Habana 3000 entre Helguera y Argerich,Villa Pueyrredon,12,"Frutihorticolas, pescadería, especies y legumbres, granja y carne, fiambres y lácteos, limpieza",Habana,3000,NA,"HABANA 3000, CABA",Plaza Martín Rodríguez
171,FIAB 30,MIERCOLES,de 10:00 a 19:00hs,30,Virrey Vértiz y Juramento,Belgrano,13,NA,Virrey Vértiz,NA,Juramento,VERTIZ VIRREY AV. y JURAMENTO,Estación Central - Sabe La Tierra
172,FIAB 31,JUEVES,de 15:00 a 21hs,31,Bullrich entre Santa Fe y Cerviño,Palermo,14,NA,Bullrich,NA,Santa FE,"BULLRICH, INT. AV. y SANTA FE AV.",NA
173,FIAB 31,LUNES,de 15:00 a 21:00hs,31,Juan D'Arienzo entre Artigas y Obispo San Alberto - Est. Villa Pueyrredón,Villa Pueyrredon,12,NA,D'arienzo,NA,Artigas,"D'ARIENZO JUAN y ARTIGAS, JOSE GERVASIO, GRAL.",NA
174,FIAB 30,SABADO,de 10:00 a 19:00hs,30,Isabel La Católica 500 y Pinzón,Barracas,4,NA,Isabel La Católica,NA,Pinzón,"ISABEL LA CATOLICA y PINZON, CABA",Sabe La Tierra
175,FIAB 30,DOMINGO,de 16:30 a 20:30hs,30,Av. Coronel Díaz y French,Palermo,14,NA,French,NA,Cnel Díaz,"FRENCH y DIAZ, CNEL. AV.",Parque Las Heras - Sabe La Tierra
176,FIAB 31,MARTES,de 15:00 a 21:00hs,31,Centro de Transbordo Pacifico: Int. Bullrich y Cerviño,Palermo,14,NA,Bullrich,NA,Cerviño,"BULLRICH, INT. AV. y CERVIÑO AV.",NA
177,FIAB 31,VIERNES,de 8:00 a 14:00hs,31,Ricardo Gutierrez entre Helguera y Pedro Lozano,Villa Del Parque,11,NA,Ricardo Gutierrez,NA,Helguera,"GUTIERREZ, RICARDO y HELGUERA",Plazoleta Jorge Williams
178,FIAB 6,MARTES,De 08:00 a 14:00 hs,6,Nazarre 2500 y Republica Plurinacional de Bolivia - Villa del Parque,Villa Del Parque,11,"Frutihorticolas, pescadería, plantas, especies y legumbres, granja y carne, fiambres y lácteos, limpieza",Nazarre,2501,NA,NAZARRE 2501,Plazoleta Porto Alegre
179,FIAB 19,MARTES,De 08:00 a 14:00hs,19,Paez entre Av. Nazca y Terrada,Flores,7,"Frutihorticolas, especies y legumbres, granja y carnes, fiambres y lácteos, limpieza",Paez,NA,Nazca,PAEZ y NAZCA AV.,NA
181,FIAB 28,MIERCOLES,De 8:00 a 14:00hs,28,Marcelo T. de Alvear entre Cerrito y Libertad,Retiro,1,NA,Marcelo T. de Alvear,NA,Libertad,"ALVEAR, MARCELO T. DE y LIBERTAD",NA
182,FIAB 4,VIERNES,De 08:00 a 14:00hs,4,11 de Septiembre entre  Olazabal y Mendoza,Belgrano,13,"Frutihorticolas, pescadería, panadería, plantas, especies y legumbres, granja y carnes, fiambres y lácteos",11 de Septiembre,NA,Olazabal,11 DE SEPTIEMBRE DE 1888 y OLAZABAL,NA
183,FIAB 7,DOMINGO,de 08:00 a 14:00hs,7,Bahia Blanca 300 y Av. Avellaneda - Floresta,Floresta,10,"Frutihorticolas, pescadería, especies y legumbres, granja y carne, fiambres y lácteos, limpieza",Bahía Blanca,301,NA,BAHIA BLANCA 301,NA
186,FIAB 38,LUNES,de 15:00 a 21:00hs,38,Av Rivadavia 4910 a 4950 en Parque Rivadavia,Caballito,6,NA,Rivadavia,4950,NA,RIVADAVIA AV. 4950,Parque Rivadavia
187,FIAB 27,LUNES,de 8:00 a 14:00hs,27,José Pedro Varela 5800 Parque Villa Real,Villa Real,10,"Frutihorticolas, pescadería, especies y legumbres, granja y carnes, fiambres y lácteos",JOSE P. VARELA,5800,NA,"VARELA, JOSE PEDRO 5800",Parque Villa Real
188,FIAB 11,DOMINGO,de 8:00 a 14:00hs,11,Condor 1600,Nueva Pompeya,4,NA,Condor,1600,NA,CONDOR 1600,NA
189,FIAB 9,LUNES,de 8:00 a 14:00hs,9,Doblas 1800,Parque Chacabuco,7,NA,Doblas,1800,NA,DOBLAS 1800,NA
190,FIAB 10,LUNES,de 8:00 a 14:00hs,10,Basualdo 800,Mataderos,9,NA,Basualdo,800,NA,BASUALDO 800,NA
191,FIAB 15,LUNES,de 8:00 a 14:00hs,15,Av. Piedra Buena 4900,Villa Riachuelo,8,NA,Av. Piedra Buena,4900,NA,PIEDRA BUENA AV. 4900,NA
192,FIAB 6,LUNES,de 8:00 a 14:00hs,6,Combate de San Carlos y Av. Soldado de la Frontera 5300,Villa Lugano,8,NA,Combate de San Carlos,NA,Av. Soldado de la Frontera,COMBATE DE SAN CARLOS y SOLDADO DE LA FRONTERA AV.,NA
193,FIAB 1,LUNES,de 8:00 a 14:00hs,1,Isabel La Católica 500 (Plaza Colombia),Barracas,4,NA,Isabel la católica,500,NA,ISABEL LA CATOLICA 500,Plaza colombia
194,FIAB 38,DOMINGO,de 8:00 a 14:00hs,38,Av. Rivadavia 4950 y Beauchef - Parque Rivadavia,Caballito,6,NA,Av. Rivadavia,4950,NA,"RIVADAVIA AV. 4950, CABA",BA Market - Parque Rivadavia
195,FIAB 33,DOMINGO,de 17:00 a 22:00hs,33,Virrey Cevallos e Hipólito Yrigoyen,Monserrat,1,NA,Virrey Cevallos,NA,Hipólito Yrigoyen,"CEVALLOS, VIRREY y YRIGOYEN, HIPOLITO, CABA",Plaza Congreso - Sabe La Tierra
196,FIAB 14,LUNES,de 8:00 a 14:00hs,14,Sánchez de Loria 1000 - entre Carlos Calvo y Estados Unidos.,San Cristobal,3,NA,Sanchez de Loria,1000,NA,SANCHEZ DE LORIA 1000,NA
197,FIAB 18,LUNES,de 8:00 a 14:00hs,18,Camacuá 400 - entre Directorio y Francisco Bilbao - Plaza Misericordia,Flores,7,NA,Camacuá,400,NA,CAMACUA 400,Plaza Misericordia
198,FIAB 23,LUNES,de 8:00 a 14:00hs,23,Martín Coronado 3300 al 3500 - entre Jerónimo Salguero y San Martín de Tours,Palermo,14,NA,Martín Coronado,NA,Jerónimo Salguero,"CORONADO, MARTIN y SALGUERO, JERONIMO",NA
199,FIAB 7,LUNES,de 8:00 a 14:00hs,7,Gutenberg 3700 - entre Fernández de Enciso y San Nicolás - al sur de la estación.,Villa Devoto,11,NA,Gutenberg,3700,NA,GUTENBERG 3700,al sur de la estación
200,FIAB 25,LUNES,de 8:00 a 14:00hs,25,Echeverría 4300 - entre Donado y Gral. Mariano Acha - Plaza Brig. Gral. J. M. Zapiola,Villa Urquiza,12,NA,Echeverria,4300,NA,ECHEVERRIA 4300,Plaza Brig. Gral. J. M. Zapiola
201,FIAB 20,LUNES,de 8:00 a 14:00hs,20,Crisóstomo Álvarez 2900 - entre Lafuente y San Pedrito -,Flores,7,"Frutihorticolas, pescadería, especies y legumbres, granja y carnes, fiambres y lácteos",Crisóstomo Álvarez,2900,NA,"ALVAREZ, CRISOSTOMO 2900",NA
202,FIAB 2,DOMINGO,de 8:00 a 14:00hs,2,Conde 200 entre Santos Dumont y Concepción Arenal,Colegiales,13,"Frutihorticolas, pescadería, plantas, especies y legumbres, granja y carnes, fiambres y lácteos",Conde,200,NA,CONDE 200,Plaza Mafalda
203,FIAB 10,DOMINGO,de 8:00 a 14:00hs,10,Giordano Bruno 700 entre Neuquén y Bogotá,Caballito,6,"Frutihorticolas, pescadería, especies y legumbres, granja y carnes, fiambres y lácteos",Giordano Bruno,NA,Neuquen,"BRUNO, GIORDANO y NEUQUEN",NA
204,FIAB 3,DOMINGO,de 8:00 a 14:00hs,3,Av. Alte. Brown 350 al 490 entre Gualeguay y 20 de Septiembre,Boca,4,"Pescaderia, especies y legumbres, granja y carne, fiambre y lácteos, limpieza",Av. Alte. Brown,350,NA,"BROWN, ALTE. AV. 350",NA
205,FIAB 12,MIERCOLES,de 8:00 a 14:00hs,12,Medrano 1400 entre El Salvador y Costa Rica,Palermo,14,"Frutihorticolas, pescadería, panadería, plantas, especies y legumbres, granja y carnes, fiambres y lácteos, limpieza",Medrano,NA,El Salvador,"MEDRANO y EL SALVADOR, CABA",Plaza Unidad Latinoamericana
211,FIAB 38,MIERCOLES,de 15:00 a 20:00hs,38,Somellera - entre Murguiondo y Cafayate,Villa Lugano,8,NA,Somellera,NA,Murguiondo,"SOMELLERA y MURGUIONDO, CABA",Plaza Unidad Nacional
212,FIAB 1,SABADO,de 10:00 a 18:00hs,1,Isabel La Católica 500,Barracas,4,NA,Isabel La Católica,500,NA,"ISABEL LA CATOLICA 500, CABA",NA
214,FIAB 24,LUNES,de 8:00 a 14:00hs,24,Ayacucho 700 entre Viamonte y Av. Córdoba,Balvanera,3,"Frutihorticolas, pescadería, especies y legumbres, granja y carnes, fiambres y lácteos",Ayacucho,700,NA,"AYACUCHO 700, CABA",NA
228,FIAB 36,DOMINGO,de 13:00 a 20:00hs,36,Enrique Martínez y Concepción Arenal,Colegiales,13,NA,Enrique Martínez,NA,Concepción Arenal,"MARTINEZ, ENRIQUE, GRAL. y ARENAL, CONCEPCION, CABA",Mercado de las Pulgas - Feria Vegana
231,fiab 5,DOMINGO,de 8:00 a 14:00hs,5,Seguí entre Neuquén y Av. Gaona – Plaza Irlanda,Caballito,6,"Frutihorticolas, pescadería, panadería, especies y legumbres, granja y carnes, fiambres y lácteos",Segui,NA,Neuquen,"SEGUI, F. J., ALTE. y NEUQUEN, CABA",También Sabe la Tierra
233,FIAB 32,DOMINGO,de 16:00 a 23:00hs,32,Av. Rivadavia y Beauchef,Caballito,6,NA,Av. Rivadavia,NA,Beauchef,"RIVADAVIA AV. y BEAUCHEF, CABA",Parque Rivadavia (camino central) - BA Market
234,FIAB 31,DOMINGO,de 15:00 a 20:00hs,31,Ricardo Gutiérrez entre Helguera y Pedro Lozano,Villa Del Parque,11,NA,Ricardo Gutiérrez,NA,Helguera,"GUTIERREZ, RICARDO y HELGUERA, CABA",Plazoleta Jorge Williams
238,FIAB 38,VIERNES,de 16:00 a 21:00hs,38,Av. Rivadavia 4900,Caballito,6,NA,Av. Rivadavia,4900,NA,"RIVADAVIA AV. 4900, CABA",Parque Rivadavia. Exclusiva Sabe la Tierra
239,FIAB 30,VIERNES,de 12:00 a 20:00hs,30,Av. Rivadavia 4900,Caballito,6,NA,Av. Rivadavia,4900,NA,"RIVADAVIA AV. 4900, CABA",Parque Rivadavia - Exclusiva Sabe la Tierra
242,FIAB 1,VIERNES,de 8:00 a 14:00hs,1,Jerónimo Salguero entre Las Heras y Cabello,Palermo,14,"Frutihorticolas, pescadería, panadería, especies y legumbres, granja y carnes, fiambres y lácteos, limpieza",Salguero,NA,Las Heras,"SALGUERO, JERONIMO y LAS HERAS GENERAL AV., CABA",NA
243,FIAB 1,DOMINGO,de 8:00 a 14:00hs,1,Jerónimo Salguero entre Las Heras y Cabello,Palermo,14,"Frutihorticolas, pescadería, panadería, especies y legumbres, granja y carnes, fiambres y lácteos, limpieza",Salguero,NA,Las Heras,"SALGUERO, JERONIMO y LAS HERAS GENERAL AV., CABA",NA
250,FIAB 34,SABADO,de 10:00 a 19:00hs,34,Brasil y Av. Paseo Colón,San Telmo,1,NA,Brasil,NA,Av. Paseo Colón,BRASIL AV. y PASEO COLON AV.,Parque Lezama - BA Market.
251,FIAB 34,VIERNES,de 10:00 a 19:00hs,34,Av. Díaz Vélez 4900,Caballito,6,NA,Av. Díaz Vélez,4900,NA,DIAZ VELEZ AV. 4900,Parque Centenario - BA Market
252,FIAB 30,JUEVES,de 10:00 a 19:00hs,30,Virrey Cevallos e Hipólito Yrigoyen,Monserrat,1,NA,Virrey Cevallos,NA,Hipólito Yrigoyen,"CEVALLOS, VIRREY y YRIGOYEN, HIPOLITO",Sabe La Tierra - Plaza Congreso
253,FIAB 36,SABADO,13:00 a 20:00 hs.,36,Enrique Martínez y Concepción Arenal,Colegiales,13,NA,Enrique Martínez,NA,Concepción Arenal,"MARTINEZ, ENRIQUE, GRAL. y ARENAL, CONCEPCION",Mercado de las Pulgas - Feria Vegana
254,FIAB 34,DOMINGO,de 10:00 a 19:00hs,34,Brasil y Av. Paseo Colón,San Telmo,1,NA,Brasil,NA,Av. Paseo Colón,BRASIL AV. y PASEO COLON AV.,Parque Lezama - BA Market
