id,comuna,calle,nombre,responsabl,direccion,x,y,altura,barrio,mail,telefono,geometry
3,Comuna 12,LARSEN 2594,El Sol,,LARSEN 2594,-58.505111398912796,-34.57698351270797,2594,Villa Pueyrredon,,(011) 4571-6713,POINT (-58.505111398912796 -34.57698351270797)
4,Comuna 2,PARAGUAY 2426,Carpe Diem,,PARAGUAY 2426,-58.402482856484404,-34.59788337285673,2426,Recoleta,,4963-3659 / 4966-0175,POINT (-58.402482856484404 -34.59788337285673)
5,Comuna 1,SAN JOSE 1870,Nuestra Señora del Carmen,,SAN JOSE 1870,-58.385334019569484,-34.63073497635811,1870,Constitucion,,4306-4476,POINT (-58.385334019569484 -34.63073497635811)
6,Comuna 1,BRASIL 1314,Residencia Avril,,BRASIL 1314,-58.384478715744194,-34.62838708590809,1314,Constitucion,,4305-1116 / 46314227,POINT (-58.384478715744194 -34.62838708590809)
7,Comuna 1,SAN JOSE 2013,Establecimiento Geriátrico San José,,SAN JOSE 2013,-58.38548822141487,-34.63259520839258,2013,Constitucion,,4304-5853,POINT (-58.38548822141487 -34.63259520839258)
8,Comuna 1,JUNCAL 857,Villa Juncal,,JUNCAL 857,-58.379432999284305,-34.59269017589287,857,Retiro,,4393-7732,POINT (-58.379432999284305 -34.59269017589287)
9,Comuna 1,TACUARI 1115,Instituto Geriátrico San Juan,,TACUARI 1115,-58.37887818430229,-34.62108246261188,1115,Constitucion,,4300-3271,POINT (-58.37887818430229 -34.62108246261188)
10,Comuna 1,HUMBERTO 1° 953,Instituto Geriátrico 9 de Julio,,HUMBERTO 1° 953,-58.37939228653491,-34.620877499454785,953,Constitucion,,4362-1788/ 4300-1529/ 4300-1503,POINT (-58.37939228653491 -34.620877499454785)
11,Comuna 1,CORDOBA AV. 1454,Siete Lunas Residencia,,CORDOBA AV. 1454,-58.387537133916645,-34.59950320951284,1454,San Nicolas,,4371-5700,POINT (-58.387537133916645 -34.59950320951284)
12,Comuna 1,COCHABAMBA 1641,Residencia Cochabamba,,COCHABAMBA 1641,-58.389030200026255,-34.62373787988916,1641,Constitucion,,,POINT (-58.389030200026255 -34.62373787988916)
13,Comuna 1,CASEROS AV. 1847,Caseros,,CASEROS AV. 1847,-58.388079297347495,-34.633485434511286,1847,Constitucion,geriatricocaseros@yahoo.com.ar,4304-1404 / 4305-0497,POINT (-58.388079297347495 -34.633485434511286)
15,Comuna 1,ESTADOS UNIDOS 1683,Clínica Geriátrica Espíritu Santo S.A.,,ESTADOS UNIDOS 1683,-58.38992525100499,-34.618910338609304,1683,Constitucion,,4383-6368 / 5356-3438,POINT (-58.38992525100499 -34.618910338609304)
16,Comuna 1,ESTADOS UNIDOS 1431,San Agustín,,ESTADOS UNIDOS 1431,-58.38638356258121,-34.61853504808664,1431,Constitucion,,4381-2634 / 46314227 / 46314227,POINT (-58.38638356258121 -34.61853504808664)
17,Comuna 1,"GARAY, JUAN DE AV. 1712",San Francisco de Asís,,"GARAY, JUAN DE AV. 1712",-58.3896168479922,-34.62739241516723,1712,Constitucion,,4304-4374,POINT (-58.3896168479922 -34.62739241516723)
19,Comuna 2,PARAGUAY 2367,Fronesis,,PARAGUAY 2367,-58.40157757494694,-34.59767171444591,2367,Recoleta,,4961-9060,POINT (-58.40157757494694 -34.59767171444591)
20,Comuna 2,PEÑA 2138,Del Pilar,,PEÑA 2138,-58.39645200167635,-34.59169294651799,2138,Recoleta,,4806-0023 / 4806-4167 / 3533-7707,POINT (-58.39645200167635 -34.59169294651799)
22,Comuna 2,GALLO 1268,Santa Sofía,,GALLO 1268,-58.411512903195465,-34.59562016175289,1268,Recoleta,,4961-4705/ 4961-4605,POINT (-58.411512903195465 -34.59562016175289)
23,Comuna 2,"URIBURU JOSE E., PRES. 1270",Casa Mater Residencia para Mayores,,"URIBURU JOSE E., PRES. 1270",-58.39771031143432,-34.59331240389233,1270,Recoleta,,4823-5314,POINT (-58.39771031143432 -34.59331240389233)
24,Comuna 2,ARENALES 2131,Carpe Diem Arenales,,ARENALES 2131,-58.39744218379508,-34.59422895214578,2131,Recoleta,,4823-1321 / 47880774,POINT (-58.39744218379508 -34.59422895214578)
25,Comuna 2,AGUERO 1056,Instituto Geriátrico Santa María del Buen Ayre,,AGUERO 1056,-58.41049195794941,-34.59745741032496,1056,Recoleta,,,POINT (-58.41049195794941 -34.59745741032496)
26,Comuna 2,JUNCAL 2676,Residencia Mediger,,JUNCAL 2676,-58.40419555803574,-34.58990494594613,2676,Recoleta,,4822-3420 / 4821-4592,POINT (-58.40419555803574 -34.58990494594613)
27,Comuna 2,ARENALES 2445,Residencia Aleph,,ARENALES 2445,-58.401134420038105,-34.59338395047529,2445,Recoleta,,4824-3084 / 43827072,POINT (-58.401134420038105 -34.59338395047529)
28,Comuna 2,BILLINGHURST 2180,Instituto Geriátrico de Rehabilitación Integral,,BILLINGHURST 2180,-58.406985923289305,-34.5864208714413,2180,Recoleta,,4823-9999 /7042,POINT (-58.406985923289305 -34.5864208714413)
31,Comuna 2,PARAGUAY 2512,Mater,,PARAGUAY 2512,-58.40368359530254,-34.59767545578658,2512,Recoleta,,4961- 0209,POINT (-58.40368359530254 -34.59767545578658)
32,Comuna 2,"CABRERA, JOSE A.",Interplaza,,"CABRERA, JOSE A.",-58.40990925910629,-34.59713242697328,3078,Recoleta,,4963-1155,POINT (-58.40990925910629 -34.59713242697328)
34,Comuna 2,FRENCH 2826,Gerifren,,FRENCH 2826,-58.403433635812654,-34.58861850142336,2826,Recoleta,,4961-4705/ 4961-4605,POINT (-58.403433635812654 -34.58861850142336)
36,Comuna 3,CATAMARCA 556,Hogar Geriátrico Catamarca S.R.L,,CATAMARCA 556,-58.40556466419945,-34.61686398432773,556,Balvanera,,4956-1042,POINT (-58.40556466419945 -34.61686398432773)
37,Comuna 3,"MITRE, BARTOLOME 3345",Nazaret,,"MITRE, BARTOLOME 3345",-58.41382260443801,-34.60915056930139,3345,Balvanera,,4863-5222 / 4863-5215,POINT (-58.41382260443801 -34.60915056930139)
38,Comuna 3,JUJUY AV. 1007,Residencia Geriátrica Manantiales,,JUJUY AV. 1007,-58.4029900086893,-34.62128442987857,1007,San Cristobal,,,POINT (-58.4029900086893 -34.62128442987857)
39,Comuna 3,SANCHEZ DE LORIA 548,Geriátrico Modelo Sánchez de Loria,,SANCHEZ DE LORIA 548,-58.41257270069876,-34.61601536458142,548,Balvanera,,4863-7933,POINT (-58.41257270069876 -34.61601536458142)
40,Comuna 3,COCHABAMBA 3279,Carpe Diem,,COCHABAMBA 3279,-58.411514758072194,-34.62639673632724,3279,San Cristobal,,4931-2536 / 4328-0869,POINT (-58.411514758072194 -34.62639673632724)
42,Comuna 3,24 DE NOVIEMBRE 1421,Hogar Entre Amigos,,24 DE NOVIEMBRE 1421,-58.41028818291076,-34.62774991596417,1421,San Cristobal,,4931-1517,POINT (-58.41028818291076 -34.62774991596417)
43,Comuna 3,HUMBERTO 1° 2853,Residencia Geriátrica En Familia II,,HUMBERTO 1° 2853,-58.40523662710668,-34.622704923663065,2853,San Cristobal,,4941-6808,POINT (-58.40523662710668 -34.622704923663065)
44,Comuna 3,ALBERTI 647,Residencia Geriátrica Alberti,,ALBERTI 647,-58.401345609009944,-34.61708186798616,647,Balvanera,,4943-3331 / 4946-3331,POINT (-58.401345609009944 -34.61708186798616)
45,Comuna 3,REPUBLICA BOLIVARIANA DE VENEZUELA 2142,Residencia para Mayores Princess,,REPUBLICA BOLIVARIANA DE VENEZUELA 2142,-58.39680589720932,-34.61548585932935,2142,Balvanera,,6379-0006,POINT (-58.39680589720932 -34.61548585932935)
46,Comuna 3,SAN LUIS 2718,Oldman Residencia para Adultos Mayores,,SAN LUIS 2718,-58.40442035610153,-34.600050857207755,2718,Balvanera,,4962-0084 / 4963-5535,POINT (-58.40442035610153 -34.600050857207755)
47,Comuna 3,"URQUIZA, GRAL. 1236",Residencia Geriátrica del Este,,"URQUIZA, GRAL. 1236",-58.40874994012435,-34.62527792128552,1236,San Cristobal,,4943-0615,POINT (-58.40874994012435 -34.62527792128552)
49,Comuna 3,CONSTITUCION 2150,Santa Bárbara,,CONSTITUCION 2150,-58.395135829698255,-34.62570592573646,2150,San Cristobal,,4941-3572,POINT (-58.395135829698255 -34.62570592573646)
50,Comuna 3,BOULOGNE SUR MER 954,Geriátrico Casa Azul,,BOULOGNE SUR MER 954,-58.40521451664304,-34.598805519725516,954,Balvanera,,4962-7127 /4961-7127 /8018,POINT (-58.40521451664304 -34.598805519725516)
51,Comuna 3,"YRIGOYEN, HIPOLITO 2452",Las Cinco Palmeras,,"YRIGOYEN, HIPOLITO 2452",-58.40103241119567,-34.61113606998111,2452,Balvanera,,4951-4711,POINT (-58.40103241119567 -34.61113606998111)
52,Comuna 3,JUJUY AV. 863,San Salvador Residencia Asistida para Adultos Mayores,,JUJUY AV. 863,-58.40353771552146,-34.619492048165306,863,San Cristobal,,4957-2461,POINT (-58.40353771552146 -34.619492048165306)
53,Comuna 3,HUMBERTO 1° 2745,Florida Bay,,HUMBERTO 1° 2745,-58.403348703745365,-34.62239586695799,2745,San Cristobal,,4943-0075,POINT (-58.403348703745365 -34.62239586695799)
56,Comuna 3,"MITRE, BARTOLOME 1824",We Care,,"MITRE, BARTOLOME 1824",-58.39237117648926,-34.6081829985921,1824,Balvanera,,4036-7826,POINT (-58.39237117648926 -34.6081829985921)
57,Comuna 3,"CALVO, CARLOS 1855",Geriátrico San Martín,,"CALVO, CARLOS 1855",-58.392559088828385,-34.62010081209887,1855,San Cristobal,,4304-7827 / 8799,POINT (-58.392559088828385 -34.62010081209887)
59,Comuna 3,MORENO 2249,Hogar Santa María Josefa,,MORENO 2249,-58.398126966591036,-34.61304963804235,2249,Balvanera,,4954-0452 / 4951-0155/ 4951-6287,POINT (-58.398126966591036 -34.61304963804235)
61,Comuna 4,FOURNIER 3014,Residencia Nueva Pompeya,,FOURNIER 3014,-58.417900757147834,-34.650782976976195,3014,Nueva Pompeya,,,POINT (-58.417900757147834 -34.650782976976195)
62,Comuna 4,TACUARI 2049,Residencia Tacuarí,,TACUARI 2049,-58.373182784832686,-34.63136834896211,2049,Barracas,,4631-4586 / 4632-7798,POINT (-58.373182784832686 -34.63136834896211)
63,Comuna 4,BRASIL 2455,Villa Verde S.R.L.,,BRASIL 2455,-58.39861189411703,-34.63073981496558,2455,Parque Patricios,,4943-7102 / 4941-3323,POINT (-58.39861189411703 -34.63073981496558)
64,Comuna 4,SAN ANTONIO 950,Geriátrico Santa Isabel,,SAN ANTONIO 950,-58.376590716016885,-34.65331471053556,950,Barracas,,4302-6502,POINT (-58.376590716016885 -34.65331471053556)
65,Comuna 4,SANTA MAGDALENA 615,Casa Grande,,SANTA MAGDALENA 615,-58.380502814783156,-34.649853925705045,615,Barracas,,4303-1676,POINT (-58.380502814783156 -34.649853925705045)
66,Comuna 4,"HORNOS, GRAL. 900",Geriátrico Privado,,"HORNOS, GRAL. 900",-58.37643811926429,-34.63723896729757,900,Barracas,,4303-1837,POINT (-58.37643811926429 -34.63723896729757)
67,Comuna 4,LAS PALMAS 2452,Residencia Geriátrica Santa Paula,,LAS PALMAS 2452,-58.4246674620249,-34.64539162702116,2452,Nueva Pompeya,,4919-2549,POINT (-58.4246674620249 -34.64539162702116)
68,Comuna 4,ESQUIU 1120,Rincón del Sol,,ESQUIU 1120,-58.41909623142813,-34.651875154573,1120,Nueva Pompeya,,4918-6144,POINT (-58.41909623142813 -34.651875154573)
69,Comuna 4,SAN ANTONIO 611,Los Alpes,,SAN ANTONIO 611,-58.378334302800695,-34.64940865130717,611,Barracas,,4301-2866 / 4988-1170,POINT (-58.378334302800695 -34.64940865130717)
72,Comuna 4,CALIFORNIA 2580,Residencia Le-Sa,,CALIFORNIA 2580,-58.38256194434515,-34.64925610612616,2580,Barracas,,4301-7992,POINT (-58.38256194434515 -34.64925610612616)
74,Comuna 4,"PAZ, JOSE C. 3246",Manfredi Jesús,,"PAZ, JOSE C. 3246",-58.407626168167496,-34.64488280781787,3246,Parque Patricios,,4911-8495,POINT (-58.407626168167496 -34.64488280781787)
75,Comuna 4,"IRIARTE, GRAL. 1756",Rincón del Sur,,"IRIARTE, GRAL. 1756",-58.37332938497353,-34.648446312340866,1756,Barracas,,4301-8422 / 4825-2899,POINT (-58.37332938497353 -34.648446312340866)
76,Comuna 5,CASTRO 1335,Residencia Geriátrica Vida Plena,,CASTRO 1335,-58.41966330007983,-34.628930094824824,1335,Boedo,,4922-3140 / 4922-3896,POINT (-58.41966330007983 -34.628930094824824)
77,Comuna 5,HUMAHUACA 4175,Cohabitam Asist Hotel,,HUMAHUACA 4175,-58.42349874225165,-34.60145910485364,4175,Almagro,,4866-4500 (interno 122),POINT (-58.42349874225165 -34.60145910485364)
78,Comuna 5,HUMAHUACA 4037,Geriátrico del Sol,,HUMAHUACA 4037,-58.42136087475392,-34.601668987406285,4037,Almagro,,4862-4871 / 4701-8055,POINT (-58.42136087475392 -34.601668987406285)
79,Comuna 5,"BRAVO, MARIO 456",Mario Bravo,,"BRAVO, MARIO 456",-58.41712564845534,-34.60455487363231,456,Almagro,,4862-3279,POINT (-58.41712564845534 -34.60455487363231)
80,Comuna 5,RIVADAVIA AV. 3731,Geriátrico Monterrey II,,RIVADAVIA AV. 3731,-58.41889408730176,-34.61087319194878,3731,Almagro,,4958-5515,POINT (-58.41889408730176 -34.61087319194878)
81,Comuna 5,LEZICA 4138,La Gran Familia,,LEZICA 4138,-58.42469406824689,-34.611956529557,4138,Almagro,,4983-6714,POINT (-58.42469406824689 -34.611956529557)
82,Comuna 5,TUCUMAN 3623,Rosa Blanca Residencia Geriátrica,,TUCUMAN 3623,-58.416353833237785,-34.59900881720659,3623,Almagro,,4863-6152,POINT (-58.416353833237785 -34.59900881720659)
83,Comuna 5,COLOMBRES 161,Nuestra Señora de Lourdes,,COLOMBRES 161,-58.418986729321404,-34.61396313131907,161,Almagro,,4981-4080,POINT (-58.418986729321404 -34.61396313131907)
84,Comuna 5,TOTORAL 994,Residencia Geriátrica A. Martino,,TOTORAL 994,-58.42233052508233,-34.62465290857241,994,Boedo,,4922-7129,POINT (-58.42233052508233 -34.62465290857241)
85,Comuna 5,DON BOSCO 3448,El Jardín de Don Bosco,,DON BOSCO 3448,-58.414578802492194,-34.611875120465605,3448,Almagro,,75390304 - 57649595,POINT (-58.414578802492194 -34.611875120465605)
86,Comuna 5,POTOSI 3990,El Solar de Don Bosco,,POTOSI 3990,-58.42272842445786,-34.60744744277456,3990,Almagro,,4983-7245,POINT (-58.42272842445786 -34.60744744277456)
87,Comuna 5,TUCUMAN 3738,San Gervasio,,TUCUMAN 3738,-58.41812925164451,-34.59889503604572,3738,Almagro,,4862-1413 / 4861-7452,POINT (-58.41812925164451 -34.59889503604572)
88,Comuna 5,SANCHEZ DE BUSTAMANTE 170,The Senior Home,,SANCHEZ DE BUSTAMANTE 170,-58.4149241924373,-34.6076186443617,170,Almagro,,4867-8500,POINT (-58.4149241924373 -34.6076186443617)
89,Comuna 5,LEZICA 3917,El Solar de Don Bosco,,LEZICA 3917,-58.42155923091179,-34.61070692234137,3917,Almagro,,4983-3576,POINT (-58.42155923091179 -34.61070692234137)
90,Comuna 5,QUERANDIES 4340,Centro Geriátrico Villa Sol,,QUERANDIES 4340,-58.42792075063729,-34.61159800442637,4340,Almagro,,4983-3322,POINT (-58.42792075063729 -34.61159800442637)
92,Comuna 5,CASTRO 1169,Centro del Sol,,CASTRO 1169,-58.420266123306696,-34.62700733651897,1169,Boedo,,4931-8928,POINT (-58.420266123306696 -34.62700733651897)
94,Comuna 5,DIAZ VELEZ AV. 3876,Nuevo Lucero,,DIAZ VELEZ AV. 3876,-58.42112962575997,-34.60874228331554,3876,Almagro,,4983-3777,POINT (-58.42112962575997 -34.60874228331554)
95,Comuna 5,MEXICO 4167,Años Dorados,,MEXICO 4167,-58.42502505276745,-34.62023812526163,4167,Almagro,,4931-5131,POINT (-58.42502505276745 -34.62023812526163)
96,Comuna 5,MAZA 336,Instituto Geriátrico Maza,,MAZA 336,-58.4156870922754,-34.61483531381067,336,Almagro,,4864-2746,POINT (-58.4156870922754 -34.61483531381067)
97,Comuna 5,"PERON, JUAN DOMINGO, TTE. GENERAL 3850",Alerian,,"PERON, JUAN DOMINGO, TTE. GENERAL 3850",-58.420565032290234,-34.60618889012889,3850,Almagro,,4983-1353 / 45676420,POINT (-58.420565032290234 -34.60618889012889)
98,Comuna 5,SALCEDO 4158,Nueva Casa,,SALCEDO 4158,-58.42172575735505,-34.634835912799666,4158,Boedo,,4981-0195 / 4501-7240 / 4923-4199,POINT (-58.42172575735505 -34.634835912799666)
99,Comuna 5,CASTRO BARROS AV. 93,Castro Barros Senior Apart,,CASTRO BARROS AV. 93,-58.42061671885735,-34.61293530414456,93,Almagro,,4958-0781 / 4958-0781,POINT (-58.42061671885735 -34.61293530414456)
100,Comuna 5,GUARDIA VIEJA 4016,El Refugio,,GUARDIA VIEJA 4016,-58.42090317251602,-34.60085057563723,4016,Almagro,,4865-9185,POINT (-58.42090317251602 -34.60085057563723)
101,Comuna 5,BOEDO AV. 664,Hogar Geriátrico Copahue,,BOEDO AV. 664,-58.41633916759809,-34.6205215515704,664,Almagro,,4931-1425,POINT (-58.41633916759809 -34.6205215515704)
104,Comuna 5,TREINTA Y TRES ORIENTALES 78,Geriland,,TREINTA Y TRES ORIENTALES 78,-58.424635989850636,-34.6143422810199,78,Almagro,,4981-6535,POINT (-58.424635989850636 -34.6143422810199)
105,Comuna 5,CASTRO 825,Residencia la Renata,,CASTRO 825,-58.42072040514139,-34.621671853843175,825,Boedo,,4932-7504,POINT (-58.42072040514139 -34.621671853843175)
106,Comuna 5,"MITRE, BARTOLOME 4008",Residencia San Jorge,,"MITRE, BARTOLOME 4008",-58.422935933017364,-34.610097171110375,4008,Almagro,,4982-3544,POINT (-58.422935933017364 -34.610097171110375)
107,Comuna 5,COLOMBRES 147,Priamo,,COLOMBRES 147,-58.41907008193699,-34.61371682425159,147,Almagro,,4981-6645 / 4931-4324,POINT (-58.41907008193699 -34.61371682425159)
108,Comuna 5,GUARDIA VIEJA 4038,Residencia En Familia,,GUARDIA VIEJA 4038,-58.42124112888834,-34.60081694944679,4038,Almagro,,4867-0859,POINT (-58.42124112888834 -34.60081694944679)
109,Comuna 5,"YRIGOYEN, HIPOLITO AV. 3314",Residencia Geriátrica Dalmau,,"YRIGOYEN, HIPOLITO AV. 3314",-58.41355710894673,-34.61284367642556,3314,Almagro,,4863-5133,POINT (-58.41355710894673 -34.61284367642556)
110,Comuna 5,"YRIGOYEN, HIPOLITO AV. 4272",Hogar Nadir,,"YRIGOYEN, HIPOLITO AV. 4272",-58.426990949766,-34.6151317569056,4272,Almagro,,4981-4782,POINT (-58.426990949766 -34.6151317569056)
111,Comuna 5,"BRAVO, MARIO 651",La Casa de Mis Abuelos,,"BRAVO, MARIO 651",-58.41621444908642,-34.601938888318045,651,Almagro,,4864-0184,POINT (-58.41621444908642 -34.601938888318045)
112,Comuna 5,MAZA 1210,Sagrada Familia,,MAZA 1210,-58.41446638967978,-34.62541819408314,1210,Boedo,,4931-6907,POINT (-58.41446638967978 -34.62541819408314)
113,Comuna 5,LUCERO 245,Lucero,,LUCERO 245,-58.41569132333589,-34.61384770204752,245,Almagro,,4861-4499 / 2070-3041,POINT (-58.41569132333589 -34.61384770204752)
115,Comuna 9,MURGUIONDO 1148,Hogar Don Francisco,,MURGUIONDO 1148,-58.50992455789085,-34.64997095703858,1148,Mataderos,,4686-3948,POINT (-58.50992455789085 -34.64997095703858)
117,Comuna 5,PRINGLES 377,Casa del Sol,,PRINGLES 377,-58.42746654376588,-34.607626417378455,377,Almagro,,4981-4574 / 4982-9855,POINT (-58.42746654376588 -34.607626417378455)
118,Comuna 5,SARMIENTO 4282,Los Luceros,,SARMIENTO 4282,-58.42559883013153,-34.60452076923569,4282,Almagro,,4865-9214,POINT (-58.42559883013153 -34.60452076923569)
119,Comuna 6,"PUEYRREDON, HONORIO, DR. AV. 958",Agape,,"PUEYRREDON, HONORIO, DR. AV. 958",-58.44429385368606,-34.609506014575764,958,Caballito,,4982-0844 / 4076,POINT (-58.44429385368606 -34.609506014575764)
120,Comuna 6,MIRO 54,Residencia San Lucas,,MIRO 54,-58.44947865126596,-34.62448641489386,54,Caballito,,4431-8315,POINT (-58.44947865126596 -34.62448641489386)
122,Comuna 6,"BRUNO, GIORDANO 845",Residencia Geriátrica Caballito,,"BRUNO, GIORDANO 845",-58.44181005234534,-34.61746325953294,845,Caballito,,4433-1280,POINT (-58.44181005234534 -34.61746325953294)
123,Comuna 6,"PUEYRREDON, HONORIO, DR. AV. 508",Instituto para Mayores San Francisco,,"PUEYRREDON, HONORIO, DR. AV. 508",-58.44123889783094,-34.61392380831287,508,Caballito,,4903-0391 / 4903-0068,POINT (-58.44123889783094 -34.61392380831287)
124,Comuna 6,SENILLOSA 324,Instituto Luz de Vida,,SENILLOSA 324,-58.42946031964584,-34.619875823436765,324,Caballito,,4902-0378 / 2069-7029,POINT (-58.42946031964584 -34.619875823436765)
125,Comuna 6,AVELLANEDA 74,La Mansión,,AVELLANEDA 74,-58.43120092145141,-34.611502044184796,74,Caballito,,4981-0140,POINT (-58.43120092145141 -34.611502044184796)
126,Comuna 6,COLPAYO 481,Residencia Geriátrica la Esperanza,,COLPAYO 481,-58.44211500274896,-34.614668681997,481,Caballito,,4901-2192,POINT (-58.44211500274896 -34.614668681997)
127,Comuna 6,"ARAOZ ALFARO, GREGORIO, DR 258",Establecimiento Geriátrico Neuquén,,"ARAOZ ALFARO, GREGORIO, DR 258",-58.43455891290188,-34.61513136279923,258,Caballito,,4902-3719 / 4901-9772,POINT (-58.43455891290188 -34.61513136279923)
128,Comuna 6,BOGOTA 320,La Soleada,,BOGOTA 320,-58.436188922274674,-34.614236708607784,320,Caballito,,4902-6802,POINT (-58.436188922274674 -34.614236708607784)
129,Comuna 6,"PUEYRREDON, HONORIO, DR. AV. 1026",Residencia El Buen Pastor,,"PUEYRREDON, HONORIO, DR. AV. 1026",-58.44485227314492,-34.6087755382922,1026,Caballito,,5901-5586 / 4982-5583,POINT (-58.44485227314492 -34.6087755382922)
130,Comuna 6,"MARTINEZ, VICTOR 237",Residencia Geriátrica En Familia,,"MARTINEZ, VICTOR 237",-58.44473192844639,-34.624578074022274,237,Caballito,,4432-0762,POINT (-58.44473192844639 -34.624578074022274)
131,Comuna 6,"ACEVEDO, EDUARDO 356",Residencia Stella Maris,,"ACEVEDO, EDUARDO 356",-58.431722616200226,-34.611951362255645,356,Caballito,,4981-6272 / 4983-7768,POINT (-58.431722616200226 -34.611951362255645)
132,Comuna 6,PUJOL 961,Residencia Geriátrica Modelo Buenos Aires S.R.L.,,PUJOL 961,-58.44984140108129,-34.61155884206582,961,Caballito,,4581-0294,POINT (-58.44984140108129 -34.61155884206582)
133,Comuna 6,"OROÑO, NICASIO 1538",Rincón del Sol,,"OROÑO, NICASIO 1538",-58.45940761362221,-34.60781270009851,1538,Caballito,,4923-5994 / 4581-9452,POINT (-58.45940761362221 -34.60781270009851)
134,Comuna 6,SENILLOSA 677,Dulce Hogar II,,SENILLOSA 677,-58.42888008095157,-34.624944891100164,677,Caballito,,4923-7569,POINT (-58.42888008095157 -34.624944891100164)
135,Comuna 6,"FALCON, RAMON L.,CNEL. 1315",Hogar Santa Julia,,"FALCON, RAMON L.,CNEL. 1315",-58.44723027061661,-34.62379448765968,1315,Caballito,,4431-3821,POINT (-58.44723027061661 -34.62379448765968)
137,Comuna 6,"GOYENA, PEDRO AV. 1663",John-John,,"GOYENA, PEDRO AV. 1663",-58.451690542392754,-34.628298434528205,1663,Caballito,,4432-3883,POINT (-58.451690542392754 -34.628298434528205)
138,Comuna 6,NEUQUEN 553,Santa Rosa de Lima,,NEUQUEN 553,-58.43836107416439,-34.61575888366314,553,Caballito,,4903-2443,POINT (-58.43836107416439 -34.61575888366314)
139,Comuna 6,RIGLOS 133,Residencia Geriátrica Riglos,,RIGLOS 133,-58.43740581214003,-34.62026265686063,133,Caballito,,4901-9840 / 4904-0184,POINT (-58.43740581214003 -34.62026265686063)
140,Comuna 6,COLPAYO 657,Residencia Geriátrica Colpayo,,COLPAYO 657,-58.4428773928347,-34.612770054322866,657,Caballito,,4902-7729,POINT (-58.4428773928347 -34.612770054322866)
141,Comuna 6,"VIDELA, NICOLAS E. 530",Residencia Geriátrica En Casa,,"VIDELA, NICOLAS E. 530",-58.441992777961744,-34.62703664933046,530,Caballito,,4431-3796,POINT (-58.441992777961744 -34.62703664933046)
144,Comuna 6,"ALVAREZ, DONATO, TTE. GRAL. 573",Hogar Osiris,,"ALVAREZ, DONATO, TTE. GRAL. 573",-58.4568712047174,-34.61895416481618,573,Caballito,,4631-4659,POINT (-58.4568712047174 -34.61895416481618)
145,Comuna 6,"ALVAREZ, DONATO, TTE. GRAL. 505",Renacer II,,"ALVAREZ, DONATO, TTE. GRAL. 505",-58.456462132553796,-34.61984952842852,505,Caballito,,4631-4488,POINT (-58.456462132553796 -34.61984952842852)
147,Comuna 6,"LOBOS, ELEODORO, DR. 270",Hostal Geriátrico la Luisa S.A.,,"LOBOS, ELEODORO, DR. 270",-58.43587354301746,-34.61438407466655,270,Caballito,,4902-6587,POINT (-58.43587354301746 -34.61438407466655)
148,Comuna 6,BOGOTA 50,Sagrado Corazón,,BOGOTA 50,-58.43119156324796,-34.61250711401384,50,Caballito,,4901-2393,POINT (-58.43119156324796 -34.61250711401384)
149,Comuna 6,"MITRE, EMILIO 223",Establecimiento Geriátrico Nivel,,"MITRE, EMILIO 223",-58.44363174873575,-34.624330651446535,223,Caballito,,4432-1894,POINT (-58.44363174873575 -34.624330651446535)
151,Comuna 6,GUAYAQUIL 143,Clínica Geriátrica Guayaquil,,GUAYAQUIL 143,-58.430452159249924,-34.61954113381185,143,Caballito,,5253-9618,POINT (-58.430452159249924 -34.61954113381185)
152,Comuna 6,VALLE 1020,Residencia para Mayores Victoria,,VALLE 1020,-58.44196636185134,-34.62530219153778,1020,Caballito,,4431-3095 / 4431- 3779,POINT (-58.44196636185134 -34.62530219153778)
153,Comuna 6,"OROÑO, NICASIO 1236",Residencia Aunar,,"OROÑO, NICASIO 1236",-58.45720363643106,-34.61094926754239,1236,Caballito,,4582-0770,POINT (-58.45720363643106 -34.61094926754239)
154,Comuna 6,PAYSANDU 1273,Geriátrico Paysandú,,PAYSANDU 1273,-58.45469974774228,-34.609363292922595,1273,Caballito,,5031-6885 / 4582-9898,POINT (-58.45469974774228 -34.609363292922595)
155,Comuna 6,"GOYENA, PEDRO AV. 34",Mi Nuevo Hogar,,"GOYENA, PEDRO AV. 34",-58.427627343811025,-34.62535956583524,34,Caballito,,4922-4492,POINT (-58.427627343811025 -34.62535956583524)
157,Comuna 6,"SEGUI, F. J., ALTE. 768",Stella Maris,,"SEGUI, F. J., ALTE. 768",-58.4560325894644,-34.61652184497135,768,Caballito,geriatricostellamaris@gmail.com,4632-0352,POINT (-58.4560325894644 -34.61652184497135)
158,Comuna 7,"BONIFACIO, JOSE 2048",Pensionado Francisco Darder,,"BONIFACIO, JOSE 2048",-58.45642664534616,-34.63109514775586,2048,Flores,,4633- 5216 / 4632-8584/ 4632-8503,POINT (-58.45642664534616 -34.63109514775586)
159,Comuna 7,ESTADO PLURINACIONAL DE BOLIVIA 324,Santa Ana Instituto Geriátrico,,ESTADO PLURINACIONAL DE BOLIVIA 324,-58.46690672313666,-34.62704380823642,324,Flores,,4611-1799,POINT (-58.46690672313666 -34.62704380823642)
160,Comuna 7,FRAY LUIS BELTRAN 165,Residencia para Adultos Mayores Beltrán,,FRAY LUIS BELTRAN 165,-58.45858760154376,-34.625241816869675,165,Flores,,4632-4124/ 9124,POINT (-58.45858760154376 -34.625241816869675)
161,Comuna 7,"FERNANDEZ MORENO, BALDOMERO 1223",Geriátrico Baldomero,,"FERNANDEZ MORENO, BALDOMERO 1223",-58.44407320278236,-34.63149954334831,1223,Parque Chacabuco,,4432-6854,POINT (-58.44407320278236 -34.63149954334831)
162,Comuna 7,"ALVAREZ, DONATO, TTE. GRAL. 582",San Juan Residencia,,"ALVAREZ, DONATO, TTE. GRAL. 582",-58.457307696156136,-34.619019225591586,582,Flores,,4632-7633,POINT (-58.457307696156136 -34.619019225591586)
163,Comuna 7,"FALCON, RAMON L.,CNEL. 3116",San José y María,,"FALCON, RAMON L.,CNEL. 3116",-58.47187054321943,-34.633101614383555,3116,Flores,,4611-9814,POINT (-58.47187054321943 -34.633101614383555)
164,Comuna 11,"JUSTO, JUAN B. AV. 4868",La Pergola,,"JUSTO, JUAN B. AV. 4868",-58.467354985529624,-34.6111617512634,4868,Villa Gral. Mitre,,4581-2466,POINT (-58.467354985529624 -34.6111617512634)
165,Comuna 7,SANTANDER 1634,Monterrey III,,SANTANDER 1634,-58.443013206969404,-34.63705909631185,1634,Parque Chacabuco,,4921-0298 / 4958-5515,POINT (-58.443013206969404 -34.63705909631185)
166,Comuna 7,BACACAY 2672,Residencia Geriátrica María Reina,,BACACAY 2672,-58.46746335969886,-34.62769201529021,2672,Flores,,4611-0517,POINT (-58.46746335969886 -34.62769201529021)
167,Comuna 7,"BONORINO, ESTEBAN, CNEL. AV. 245",Instituto Geriátrico Larrea,,"BONORINO, ESTEBAN, CNEL. AV. 245",-58.45872444381474,-34.63092248578271,245,Flores,,4637-2225 / 4611-5351,POINT (-58.45872444381474 -34.63092248578271)
168,Comuna 7,VERNET AV. 163,Residencia Geriátrica Vernet S.R.L.,,VERNET AV. 163,-58.42775338499187,-34.632558776655905,163,Parque Chacabuco,,4921-6218 / 4921-4372 / 4921-1941,POINT (-58.42775338499187 -34.632558776655905)
169,Comuna 7,"FERNANDEZ MORENO, BALDOMERO 3214",Hogar San Agustín,,"FERNANDEZ MORENO, BALDOMERO 3214",-58.46469685022675,-34.64237795650651,3214,Flores,,4612-2736,POINT (-58.46469685022675 -34.64237795650651)
170,Comuna 7,FRAY LUIS BELTRAN 84,Medalla Milagrosa,,FRAY LUIS BELTRAN 84,-58.45851951915858,-34.62627931867511,84,Flores,,4631-4548,POINT (-58.45851951915858 -34.62627931867511)
171,Comuna 7,DIRECTORIO AV. 1632,Residencia Directorio,,DIRECTORIO AV. 1632,-58.45002553079551,-34.63059193054461,1632,Parque Chacabuco,,4432-4650,POINT (-58.45002553079551 -34.63059193054461)
172,Comuna 7,"ARANGUREN, JUAN F., DR. 1832",Parque Rosal Residencia para Mayores,,"ARANGUREN, JUAN F., DR. 1832",-58.457136567430176,-34.620375750329806,1832,Flores,,4631-4641 / 4568-5650,POINT (-58.457136567430176 -34.620375750329806)
173,Comuna 7,"BONIFACIO, JOSE 2015",Residencia Convivencia,,"BONIFACIO, JOSE 2015",-58.45625677869889,-34.63065465056439,2015,Flores,,4632-8503,POINT (-58.45625677869889 -34.63065465056439)
175,Comuna 7,RIVERA INDARTE AV. 249,San José,,RIVERA INDARTE AV. 249,-58.46170252604703,-34.6318804745382,249,Flores,,4611-1187,POINT (-58.46170252604703 -34.6318804745382)
176,Comuna 7,BACACAY 2585,San Jorge,,BACACAY 2585,-58.46642849927063,-34.62700883220592,2585,Flores,,4611-1877/45018799,POINT (-58.46642849927063 -34.62700883220592)
178,Comuna 7,DIRECTORIO AV. 2845,Geriátrico Andrea,,DIRECTORIO AV. 2845,-58.46686758165123,-34.635139848160634,2845,Flores,,4612-9522,POINT (-58.46686758165123 -34.635139848160634)
179,Comuna 7,LAFUENTE AV. 961,Geriátrico Lafuente,,LAFUENTE AV. 961,-58.4629835034355,-34.641964169408524,961,Flores,,7532-3942,POINT (-58.4629835034355 -34.641964169408524)
181,Comuna 7,MORON 2426,Hogar Maura,,MORON 2426,-58.466260073620624,-34.622410797094254,2426,Flores,,4612-6964,POINT (-58.466260073620624 -34.622410797094254)
182,Comuna 7,"ARTIGAS, JOSE GERVASIO, GRAL. 428",Hogar Artigas,,"ARTIGAS, JOSE GERVASIO, GRAL. 428",-58.46599556488688,-34.625474450571325,428,Flores,,4611-8775,POINT (-58.46599556488688 -34.625474450571325)
183,Comuna 7,RIVADAVIA AV. 7422,Instituto Geriátrico San José de Flores,,RIVADAVIA AV. 7422,-58.46991575065902,-34.63097009299736,7422,Flores,,4611-4918 / 4611-6930 / 3971-5367,POINT (-58.46991575065902 -34.63097009299736)
184,Comuna 7,"VALLESE, FELIPE 2455",Residencia San Alberto,,"VALLESE, FELIPE 2455",-58.46720911854274,-34.621183388133886,2455,Flores,,4631-6820,POINT (-58.46720911854274 -34.621183388133886)
185,Comuna 7,"BILBAO, FRANCISCO 2124",San Bruno Casa de Mayores,,"BILBAO, FRANCISCO 2124",-58.45625949432035,-34.63348178197013,2124,Flores,,4633-4540 / 4633-9978,POINT (-58.45625949432035 -34.63348178197013)
186,Comuna 7,DIRECTORIO AV. 1130,Nuestra Señora de los Milagros,,DIRECTORIO AV. 1130,-58.443352020315466,-34.62959622691042,1130,Parque Chacabuco,,6380-9500 / 4433-5915,POINT (-58.443352020315466 -34.62959622691042)
187,Comuna 7,"FALCON, RAMON L.,CNEL. 2859",Vida Plena,,"FALCON, RAMON L.,CNEL. 2859",-58.46853142320362,-34.6318139114139,2859,Flores,,,POINT (-58.46853142320362 -34.6318139114139)
188,Comuna 7,BOGOTA 2450,Instituto Geriátrico Hesse,,BOGOTA 2450,-58.4648448859663,-34.625655212030196,2450,Flores,,4612-7143 / 7134,POINT (-58.4648448859663 -34.625655212030196)
189,Comuna 7,CALCENA 429,Instituto Geriátrico Calcena,,CALCENA 429,-58.45775962452826,-34.621358496327915,429,Flores,,4631-7112,POINT (-58.45775962452826 -34.621358496327915)
190,Comuna 7,GAVILAN 772,Instituto Geriátrico Gavilán S.R.L. (Anexo Central),,GAVILAN 772,-58.4637930437542,-34.62063235872198,772,Flores,,4631-8479 /4632-4136/ 4631-2466,POINT (-58.4637930437542 -34.62063235872198)
191,Comuna 7,PAEZ 2315,Nonni S.R.L.,,PAEZ 2315,-58.46560344215942,-34.619352749097665,2315,Flores,,4632-6217 / 4631-8479 /4632-4136,POINT (-58.46560344215942 -34.619352749097665)
192,Comuna 7,BOYACA AV. 279,Instituto Geriátrico Gavilán S.R.L.,,BOYACA AV. 279,-58.4585563950501,-34.62362587647134,279,Flores,,4633-1804 / 46318479 /46324136,POINT (-58.4585563950501 -34.62362587647134)
194,Comuna 7,CULPINA 758,Los Milagros,,CULPINA 758,-58.46264365744128,-34.63817339054652,758,Flores,,4612-4953,POINT (-58.46264365744128 -34.63817339054652)
195,Comuna 7,ARGERICH 46,Hogar Casa Grande,,ARGERICH 46,-58.4716643213656,-34.63060649403233,46,Flores,,4861-7718,POINT (-58.4716643213656 -34.63060649403233)
197,Comuna 7,BACACAY 2550,Los Pinos,,BACACAY 2550,-58.46579346532086,-34.627201947696165,2550,Flores,,4613-6208 / 5135-1941,POINT (-58.46579346532086 -34.627201947696165)
198,Comuna 7,DIRECTORIO AV. 2363,Carpe Diem,,DIRECTORIO AV. 2363,-58.4601885740836,-34.633133887154855,2363,Flores,,4613 2898 / 43280869,POINT (-58.4601885740836 -34.633133887154855)
199,Comuna 5,MUÑIZ 341,Horai,,MUÑIZ 341,-58.427561090632594,-34.617553392378206,341,Almagro,,2059 7777/ 4981-9284 / 2059 5793,POINT (-58.427561090632594 -34.617553392378206)
200,Comuna 7,"ARTIGAS, JOSE GERVASIO, GRAL. 395",Artigas,,"ARTIGAS, JOSE GERVASIO, GRAL. 395",-58.465425645922544,-34.625720508159866,395,Flores,,4612-7022,POINT (-58.465425645922544 -34.625720508159866)
203,Comuna 7,ESTADO PLURINACIONAL DE BOLIVIA 540,Geriátrico Buenos Aires,,ESTADO PLURINACIONAL DE BOLIVIA 540,-58.46793650699561,-34.62469260755599,540,Flores,,4611-7291,POINT (-58.46793650699561 -34.62469260755599)
204,Comuna 7,BOYACA AV. 112,Sólo Quiero Verte Reír,,BOYACA AV. 112,-58.457714925912924,-34.62557134469652,112,Flores,,4632-9605,POINT (-58.457714925912924 -34.62557134469652)
205,Comuna 7,ZUVIRIA 247,Instituto Geriátrico de Bild,,ZUVIRIA 247,-58.42998192812894,-34.62864382589454,247,Parque Chacabuco,,4923-2481,POINT (-58.42998192812894 -34.62864382589454)
207,Comuna 7,CONDARCO 458,Hogar Beit Sión de la Asociación Argentina-Sefaradí de Cultura y Beneficencia,,CONDARCO 458,-58.46887329352181,-34.6260388052524,458,Flores,,4637-2678 / 4637-2678,POINT (-58.46887329352181 -34.6260388052524)
208,Comuna 7,ESTRADA 231,Instituto Geriátrico Tiempo,,ESTRADA 231,-58.42920872801491,-34.630717800541845,231,Parque Chacabuco,,4923-3767,POINT (-58.42920872801491 -34.630717800541845)
209,Comuna 7,"VALLESE, FELIPE 2748",Hogar Geriatrico Stella Maris,,"VALLESE, FELIPE 2748",-58.470846224926206,-34.62270500869349,2748,Flores,,4611-7907,POINT (-58.470846224926206 -34.62270500869349)
210,Comuna 7,"VALLESE, FELIPE 2337",Altos de Vallese,,"VALLESE, FELIPE 2337",-58.46547026001637,-34.620597645434906,2337,Flores,,4632-4726,POINT (-58.46547026001637 -34.620597645434906)
211,Comuna 7,"BILBAO, FRANCISCO 1753",Casa Ii,,"BILBAO, FRANCISCO 1753",-58.45232632896191,-34.63184794722191,1753,Parque Chacabuco,,4631-1041,POINT (-58.45232632896191 -34.63184794722191)
212,Comuna 7,GAVILAN 378,Don Severino,,GAVILAN 378,-58.461737050011564,-34.624811113347455,378,Flores,,4631-4625,POINT (-58.461737050011564 -34.624811113347455)
213,Comuna 7,GAVILAN 359,Residencia Geriatrica Flores,,GAVILAN 359,-58.461236531174464,-34.624870614781,359,Flores,,4631-0268 / 4902-2240,POINT (-58.461236531174464 -34.624870614781)
214,Comuna 7,"MARTI, JOSE 718",Instituto Nuestra Señora de Luján,,"MARTI, JOSE 718",-58.468529693906554,-34.639717801494854,718,Flores,,4612-3538/ 4637-4278,POINT (-58.468529693906554 -34.639717801494854)
215,Comuna 7,"BONIFACIO, JOSE 2566",Residencia del Sol,,"BONIFACIO, JOSE 2566",-58.463394089760534,-34.633250483632274,2566,Flores,,4612-2259,POINT (-58.463394089760534 -34.633250483632274)
217,Comuna 7,LAUTARO 845,Rinconcito de Luz,,LAUTARO 845,-58.45365529222025,-34.636201585647804,845,Flores,,4631-4227,POINT (-58.45365529222025 -34.636201585647804)
218,Comuna 7,LAFUENTE 153,Virgen de Pompeya,,LAFUENTE 153,-58.46762455881394,-34.632428901419395,153,Flores,,4613-3015 / 4637-1204 / 4631-4586,POINT (-58.46762455881394 -34.632428901419395)
219,Comuna 7,EL ARTESANO 1251,El Artesano,,EL ARTESANO 1251,-58.435004600128806,-34.63897110197833,1251,Parque Chacabuco,,4921-0949,POINT (-58.435004600128806 -34.63897110197833)
222,Comuna 8,RIESTRA AV. 5540,Eterna S.R.L.,,RIESTRA AV. 5540,-58.47352909964542,-34.6760096529632,5540,Villa Lugano,,4601-4052 / 4863-4381,POINT (-58.47352909964542 -34.6760096529632)
223,Comuna 8,"FERNANDEZ DE LA CRUZ, F., GRAL. AV. 6920",Megahome,,"FERNANDEZ DE LA CRUZ, F., GRAL. AV. 6920",-58.47836860784224,-34.69057034575986,6920,Villa Riachuelo,,4602-4663,POINT (-58.47836860784224 -34.69057034575986)
224,Comuna 8,SAYOS 5554,El Hogar de Dora,,SAYOS 5554,-58.47305505799626,-34.67660251628731,5554,Villa Lugano,,,POINT (-58.47305505799626 -34.67660251628731)
225,Comuna 9,LARRAZABAL AV. 449,Establecimiento Geriátrico Nuestra Señora de Luján,,LARRAZABAL AV. 449,-58.51188327510425,-34.64392456035225,449,Liniers,,4642-0133 / 4641-1233,POINT (-58.51188327510425 -34.64392456035225)
226,Comuna 9,MORETO 739,Hogar Santa Teresa Jornet,,MORETO 739,-58.48650846327809,-34.64467620448809,739,Parque Avellaneda,,4672-1803 / 4636-2067,POINT (-58.48650846327809 -34.64467620448809)
227,Comuna 9,PERGAMINO 1044,Aires de Emuna,,PERGAMINO 1044,-58.468258752786056,-34.64333716282142,1044,Parque Avellaneda,,4612-2725 / 4627-2725,POINT (-58.468258752786056 -34.64333716282142)
228,Comuna 6,ESPINOSA 1520,La Trinidad,,ESPINOSA 1520,-58.455785305505856,-34.60636470890661,1520,Caballito,,4581-0653,POINT (-58.455785305505856 -34.60636470890661)
229,Comuna 9,TUYU 36,Residencia Tuyú,,TUYU 36,-58.513967063345056,-34.63965633288723,36,Liniers,,4641-5268,POINT (-58.513967063345056 -34.63965633288723)
230,Comuna 9,MORETO 678,Residencia Moreto,,MORETO 678,-58.48726947317369,-34.643774324051016,678,Parque Avellaneda,,4672-3817,POINT (-58.48726947317369 -34.643774324051016)
231,Comuna 9,SAN PEDRO 4060,Stella Maris,,SAN PEDRO 4060,-58.475426221920465,-34.64415246555338,4060,Parque Avellaneda,,4672-6651 / 4671-9335,POINT (-58.475426221920465 -34.64415246555338)
232,Comuna 9,OLIDEN 576,Hogar mi Esperanza,,OLIDEN 576,-58.514283974067226,-34.64457431231267,576,Liniers,,4644-4553,POINT (-58.514283974067226 -34.64457431231267)
233,Comuna 9,CAFAYATE 1540,Instituto Geriátrico Cafayate,,CAFAYATE 1540,-58.50811488919267,-34.65382455077356,1540,Mataderos,,4687-8831/ 4687- 3169,POINT (-58.50811488919267 -34.65382455077356)
234,Comuna 9,GALLARDO 140,Instituto Versalles,,GALLARDO 140,-58.52407920858876,-34.6376605490637,140,Liniers,,2073- 8477,POINT (-58.52407920858876 -34.6376605490637)
235,Comuna 9,TANDIL 3824,Residencia Nueva Primavera,,TANDIL 3824,-58.47709882965236,-34.640448610507434,3824,Parque Avellaneda,,4671-8700,POINT (-58.47709882965236 -34.640448610507434)
236,Comuna 9,CAÑADA DE GOMEZ 1721,Geriátrico Elit,,CAÑADA DE GOMEZ 1721,-58.51118364632209,-34.656312698352984,1721,Mataderos,,4686-2343,POINT (-58.51118364632209 -34.656312698352984)
237,Comuna 9,"BILBAO, FRANCISCO AV. 3533",Hogares Canadá,,"BILBAO, FRANCISCO AV. 3533",-58.47080817112701,-34.64202233164336,3533,Parque Avellaneda,,4612-1641,POINT (-58.47080817112701 -34.64202233164336)
238,Comuna 9,"CASTRO, EMILIO AV. 6262",Entre Amigos,,"CASTRO, EMILIO AV. 6262",-58.50984206562443,-34.64957337657931,6262,Mataderos,,4686-6318 / 4687-2166 / 46314586,POINT (-58.50984206562443 -34.64957337657931)
239,Comuna 9,"ACOSTA, MARIANO AV. 515",El Jardín de la Armonía,,"ACOSTA, MARIANO AV. 515",-58.47683131019493,-34.63858058654326,515,Parque Avellaneda,,4672-6458,POINT (-58.47683131019493 -34.63858058654326)
240,Comuna 9,SAN PEDRO 3958,Instituto Geriátrico Gavilán S.R.L. (Anexo San Pedro),,SAN PEDRO 3958,-58.47421046304418,-34.643302499813636,3958,Parque Avellaneda,,4671-8511 / 4631-8479 / 4632-4136,POINT (-58.47421046304418 -34.643302499813636)
241,Comuna 9,"LARRAÑAGA, DAMASO 640",Santa Ana,,"LARRAÑAGA, DAMASO 640",-58.49043066934979,-34.6438203264276,640,Parque Avellaneda,,4635-0398,POINT (-58.49043066934979 -34.6438203264276)
243,Comuna 9,CAAGUAZU 6656,Residencia Serena,,CAAGUAZU 6656,-58.51908383861619,-34.64756258232645,6656,Liniers,,4641-5745 / 4641-9428,POINT (-58.51908383861619 -34.64756258232645)
244,Comuna 9,BARRAGAN 264,Barragan,,BARRAGAN 264,-58.52293451532674,-34.637380413874396,264,Liniers,,4641-7387,POINT (-58.52293451532674 -34.637380413874396)
248,Comuna 9,MEDINA 1650,Hogar San Lucas,,MEDINA 1650,-58.47535825050904,-34.65092600009872,1650,Parque Avellaneda,,4672-2252,POINT (-58.47535825050904 -34.65092600009872)
249,Comuna 9,MARTINEZ CASTRO 828,Athenai,,MARTINEZ CASTRO 828,-58.47434150780705,-34.641923383980554,828,Parque Avellaneda,,4611-2040,POINT (-58.47434150780705 -34.641923383980554)
251,Comuna 9,TANDIL 4870,Hogar para Mayores la Casa de Amanda,Dra. Aniceta Vargas Vedia,TANDIL 4870,-58.48878830403823,-34.65085168497634,4870,Mataderos,admconsultasvs@gmail.com,4682-2779,POINT (-58.48878830403823 -34.65085168497634)
252,Comuna 9,"PIERES Y GARCIA GRANDE DE ZEQUEIRA, SEVERO",Hogar la Fe,Dra. María Cristina Mayor (Cursando Especialización En Gerontología),"PIERES Y GARCIA GRANDE DE ZEQUEIRA, SEVERO",-58.50520267280351,-34.65040593547336,,Mataderos,nicolas_ds@msn.com,4683-6772,POINT (-58.50520267280351 -34.65040593547336)
253,Comuna 9,PIERES 238,Hogar San Nicolas,Dr. Carlos Eduardo Delfino (Especialidad En Gerontología),PIERES 238,-58.51492370029513,-34.64248851835773,238,Liniers,bettyfunes@live.com,4644-0022,POINT (-58.51492370029513 -34.64248851835773)
254,Comuna 9,PORTELA 445,Clinica Geriatrica S.A,"Silvia Carmen, Zalazar",PORTELA 445,-58.47128316597154,-34.63722511516117,445,Parque Avellaneda,clinicas_geriatrica@yahoo.com.ar,4612-6300,POINT (-58.47128316597154 -34.63722511516117)
255,Comuna 9,PORTELA 571,Santa Rosa,Gustavo Osvaldo Cavadini (Especialización En Gerontología),PORTELA 571,-58.47070931629001,-34.63854691713918,571,Parque Avellaneda,alfredotrapasso@yahoo.com.ar,4612-7617,POINT (-58.47070931629001 -34.63854691713918)
256,Comuna 10,BAHIA BLANCA 1755,Hogar Geriátrico Bahía Blanca,Jose De Alba Cebada,BAHIA BLANCA 1755,-58.493137475726286,-34.617923190408604,1755,Floresta,,4566-3212 / 5359,POINT (-58.493137475726286 -34.617923190408604)
257,Comuna 10,"FLORES, VENANCIO, GRAL. 3437",Residencia para Adultos Mayores Oasis,"Adriana, Otreras","FLORES, VENANCIO, GRAL. 3437",-58.47685053953967,-34.63071543421319,3437,Floresta,,4611-5678,POINT (-58.47685053953967 -34.63071543421319)
258,Comuna 10,ALBARIÑO 360,Hogar del Carmen,,ALBARIÑO 360,-58.5071861685911,-34.641809470844485,360,Villa Luro,,4682-4247/ 5313,POINT (-58.5071861685911 -34.641809470844485)
260,Comuna 10,CARRASCO AV. 933,Hogar la Fuente,"Maria Cristina, Devita",CARRASCO AV. 933,-58.4969866382598,-34.62761091792116,933,Velez Sarsfield,,4639-3067,POINT (-58.4969866382598 -34.62761091792116)
261,Comuna 10,MOCTEZUMA 1010,Oldrick Robertson,"Julieta, Lombardi",MOCTEZUMA 1010,-58.49492655777872,-34.627930349381884,1010,Velez Sarsfield,,4672-2944,POINT (-58.49492655777872 -34.627930349381884)
262,Comuna 10,LOPE DE VEGA AV. 930,Sweet Home,Adriana De La Torre,LOPE DE VEGA AV. 930,-58.503656659242516,-34.630344580469774,930,Villa Luro,,4568-9602/ 4568-6047,POINT (-58.503656659242516 -34.630344580469774)
263,Comuna 10,AVELLANEDA AV. 3967,Inter Garden,,AVELLANEDA AV. 3967,-58.48457996496342,-34.62953341963173,3967,Floresta,,4674-2107,POINT (-58.48457996496342 -34.62953341963173)
264,Comuna 10,"PORCEL DE PERALTA, MANUEL 1473",Residencia Modelo Villa Real,Sepulveda Alicia Noemi,"PORCEL DE PERALTA, MANUEL 1473",-58.52920032227417,-34.62147020734661,1473,Villa Real,,4644-1875,POINT (-58.52920032227417 -34.62147020734661)
266,Comuna 10,MERCEDES 350,Mercedes Long Life,,MERCEDES 350,-58.48488887299368,-34.63041466075729,350,Floresta,,4672-9931,POINT (-58.48488887299368 -34.63041466075729)
267,Comuna 10,LOPE DE VEGA AV. 1619,Buenos Aires Hogar Srl,,LOPE DE VEGA AV. 1619,-58.51061832802576,-34.62481827982674,1619,Monte Castro,,4639-1001/4567-0811,POINT (-58.51061832802576 -34.62481827982674)
268,Comuna 10,"GONZALEZ, JOAQUIN V. 1974",San Jose de Calasanz,,"GONZALEZ, JOAQUIN V. 1974",-58.494633645282526,-34.615383185283044,1974,Monte Castro,,4566-7525,POINT (-58.494633645282526 -34.615383185283044)
270,Comuna 10,BOGOTA 4241,Roma,Aisen Romina Paola,BOGOTA 4241,-58.487404121451455,-34.631966125376806,4241,Velez Sarsfield,,4674-3204 / 4996-0488 / 4671-5098,POINT (-58.487404121451455 -34.631966125376806)
271,Comuna 10,BERMUDEZ 2226,Residencia para Mayores Hogar Libra,Lic. Juan Jose Tapia (Cursando Especialización En Gerontología),BERMUDEZ 2226,-58.51130828565398,-34.61832652856576,2226,Monte Castro,hogarlibra@hotmail.com,4568-5354,POINT (-58.51130828565398 -34.61832652856576)
272,Comuna 10,CAJARAVILLA 4721,Residencia Geriatrica Las Rosas,Dr. Alberto Pedro Cabrejos Huaranga,CAJARAVILLA 4721,-58.493251939696364,-34.64022007222612,4721,Villa Luro,,4682-5284,POINT (-58.493251939696364 -34.64022007222612)
273,Comuna 10,ECHENAGUCIA 61,El Tata,Juan Sosa,ECHENAGUCIA 61,-58.50747692389098,-34.63796140377144,61,Villa Luro,,4635-4694,POINT (-58.50747692389098 -34.63796140377144)
274,Comuna 10,SAN BLAS 5550,Hogar San Blas,Ana María Peyrelongue,SAN BLAS 5550,-58.5104002734981,-34.6322562699699,5550,Villa Luro,medicinageriatrica@hotmail.com,4567-7824 / 3967-7292,POINT (-58.5104002734981 -34.6322562699699)
275,Comuna 10,"BAUZA, FRANCISCO 2372",De los Angeles,Dr. Marcos Natalio Levi (Especialización En Gerontología)- Matrícula N° 65282,"BAUZA, FRANCISCO 2372",-58.523418367183474,-34.61971818693104,2372,Villa Real,,4641-7796,POINT (-58.523418367183474 -34.61971818693104)
276,Comuna 10,"JUAREZ, BENITO 2120",Residencia Geriatrica Casa Blanca,Dra. Silvina Gabriela Guala (Especialización En Gerontología),"JUAREZ, BENITO 2120",-58.50453693168633,-34.62016069881956,2120,Monte Castro,,4566-7974,POINT (-58.50453693168633 -34.62016069881956)
277,Comuna 10,CORVALAN 475,Bendita Victoria,Juan Sosa,CORVALAN 475,-58.50415748063241,-34.64332253053509,475,Villa Luro,gonzamc@hotmail.com,,POINT (-58.50415748063241 -34.64332253053509)
279,Comuna 10,GUALEGUAYCHU 142,Moshab Zekenim,Dra. Analia Graciela Rackauskas,GUALEGUAYCHU 142,-58.48510283222527,-34.63291450782871,142,Velez Sarsfield,yoelyabra26@gmail.com,4674-5095,POINT (-58.48510283222527 -34.63291450782871)
280,Comuna 10,"GONZALEZ, JOAQUIN V. 165",Hogar Micaela,Dr. Victor Celestino Cavallo (Especialización En Gerontología),"GONZALEZ, JOAQUIN V. 165",-58.47953959307359,-34.63125656846152,165,Floresta,,4671-2693,POINT (-58.47953959307359 -34.63125656846152)
281,Comuna 10,"MAGARIÑOS CERVANTES, A. 4651",Geriatrica Modelo Cervantes,"Oscar, Guillamondegui","MAGARIÑOS CERVANTES, A. 4651",-58.49832370004922,-34.62530364582592,4651,Velez Sarsfield,,4568-6162 / 4951-4612,POINT (-58.49832370004922 -34.62530364582592)
282,Comuna 10,"MAGARIÑOS CERVANTES, A. 5251",Residencia Geriatrica Agostina,Juan Sosa,"MAGARIÑOS CERVANTES, A. 5251",-58.5058796246584,-34.630940133762195,5251,Villa Luro,,4567-3972 /5252-0909,POINT (-58.5058796246584 -34.630940133762195)
284,Comuna 10,MANZONI 121,Mis Abuelas,Dr. Marcos Natalio Levi (Especialización En Gerontología)- Matrícula N° 65282,MANZONI 121,-58.49938532125425,-34.63900203401,121,Villa Luro,,4635-6684,POINT (-58.49938532125425 -34.63900203401)
285,Comuna 10,LOPE DE VEGA AV. 1444,Hogar Galicia,Dra. Gabriela Cristina Talamonti (Cursando Especialización En Gerontología),LOPE DE VEGA AV. 1444,-58.50891005143437,-34.626625269980366,1444,Villa Luro,g_teillas@yahoo.com.ar,4567-6070,POINT (-58.50891005143437 -34.626625269980366)
286,Comuna 10,MIRANDA 5267,Hogar de Abuelos San Nicolás,Lic. Debora Lorena Gargaglione (Especialización En Gerontología),MIRANDA 5267,-58.50905626121826,-34.62550651628006,5267,Monte Castro,,4639-3928,POINT (-58.50905626121826 -34.62550651628006)
288,Comuna 10,TINOGASTA 5373,Nuestras Raices,Dra. María Eugenia Cavallo,TINOGASTA 5373,-58.521953445460156,-34.61767372634394,5373,Villa Real,ana_beigelman@yahoo.com.ar,4639-3363,POINT (-58.521953445460156 -34.61767372634394)
290,Comuna 12,MOSCONI GENERAL AV. 2536,Residencia Brisas,Juan Sosa,MOSCONI GENERAL AV. 2536,-58.49792615112317,-34.583876192282375,2536,Villa Pueyrredon,,4571-1635,POINT (-58.49792615112317 -34.583876192282375)
291,Comuna 10,PORTELA 133,Nadir,Lic. Marcela Inés Saracho (Cursando Especialización En Gerontología),PORTELA 133,-58.472878100674144,-34.63365802754974,133,Floresta,marcelasaracho77@yahoo.com.ar,4612-7374,POINT (-58.472878100674144 -34.63365802754974)
292,Comuna 10,"FALCON, RAMON L.,CNEL. 4032",Residencia Geriátrica Covadonga,Dr. Paulo Cesar Sakata (Especialización En Geropntología),"FALCON, RAMON L.,CNEL. 4032",-58.483247783514855,-34.63575511395134,4032,Velez Sarsfield,,4672-7730,POINT (-58.483247783514855 -34.63575511395134)
293,Comuna 11,"ESCALADA DE SAN MARTIN, R. 3073",Residencia Geriatrica Aranguren S.A,Juan Sosa,"ESCALADA DE SAN MARTIN, R. 3073",-58.48054227941153,-34.61643976291399,3073,Villa Santa Rita,,4581-5670,POINT (-58.48054227941153 -34.61643976291399)
294,Comuna 10,SARACHAGA 4467,Inst. Geriatrico Genesis,Lic. Mirta Elisa Tognini,SARACHAGA 4467,-58.490071903736386,-34.63146865959877,4467,Velez Sarsfield,carlaassenza@outlook.com,4672-8248,POINT (-58.490071903736386 -34.63146865959877)
296,Comuna 10,RUIZ DE LOS LLANOS 52,La Casita,Juan Sosa,RUIZ DE LOS LLANOS 52,-58.50627314267484,-34.63793066262225,52,Villa Luro,rizzojavier@hotmail.com,4682-0334,POINT (-58.50627314267484 -34.63793066262225)
297,Comuna 10,RIVADAVIA AV. 10040,Nuestra Casa,,RIVADAVIA AV. 10040,-58.5050288435189,-34.638438493150296,10040,Villa Luro,geriatriconuestracasa@outlook.com,4682-1999,POINT (-58.5050288435189 -34.638438493150296)
298,Comuna 10,SANABRIA 2021,Canalejas,Lic. Carla Natalia Otero,SANABRIA 2021,-58.50035810622356,-34.61781028109677,2021,Monte Castro,monica_camerano@yahoo.com.ar,4568-1864 /4583-4715,POINT (-58.50035810622356 -34.61781028109677)
299,Comuna 11,FRANCO 3429,Residencia Jardin del Sol,,FRANCO 3429,-58.51367398880073,-34.58566522441511,3429,Villa Devoto,mcq68@me.com,4574-2112 / 4571-0241,POINT (-58.51367398880073 -34.58566522441511)
300,Comuna 11,ARGERICH 3258,Residencia Geriatrica Argerich,,ARGERICH 3258,-58.49378684498279,-34.59853682670635,3258,Villa Del Parque,,4502-7836,POINT (-58.49378684498279 -34.59853682670635)
302,Comuna 11,NAVARRO 3895,El Pinar de devoto,,NAVARRO 3895,-58.507789971631084,-34.60196007061747,3895,Villa Devoto,,4501-5296 / 4788-0774,POINT (-58.507789971631084 -34.60196007061747)
303,Comuna 11,LINCOLN AV. 4264,Residencia de Otoño,,LINCOLN AV. 4264,-58.51493002054547,-34.599094732623165,4264,Villa Devoto,,4501-9752,POINT (-58.51493002054547 -34.599094732623165)
304,Comuna 11,CUENCA 1242,La Casa del Sol,,CUENCA 1242,-58.48094246775176,-34.61914007620187,1242,Villa Santa Rita,,4583-8888,POINT (-58.48094246775176 -34.61914007620187)
305,Comuna 11,SANTO TOME 3179,El Rincón de los Abuelos,,SANTO TOME 3179,-58.49054645755051,-34.60660561388205,3179,Villa Del Parque,,4502-5432,POINT (-58.49054645755051 -34.60660561388205)
306,Comuna 11,TERRERO 1475,Instituto Geriátrico Argentino,,TERRERO 1475,-58.464038733983664,-34.61117246780335,1475,Villa Gral. Mitre,,4582-4238,POINT (-58.464038733983664 -34.61117246780335)
307,Comuna 11,PAREJA 4473,Residencia para Mayores Villa Grana,,PAREJA 4473,-58.518612007722254,-34.601964198564474,4473,Villa Devoto,,4503-3161,POINT (-58.518612007722254 -34.601964198564474)
308,Comuna 11,"CARRIL, SALVADOR MARIA DEL AV. 3601",Altos del Boulevard,,"CARRIL, SALVADOR MARIA DEL AV. 3601",-58.50768879095744,-34.59627118863255,3601,Villa Devoto,,4504-6241,POINT (-58.50768879095744 -34.59627118863255)
310,Comuna 11,"LAMARCA, EMILIO 4857",San Marino,,"LAMARCA, EMILIO 4857",-58.51257609523023,-34.59073584557389,4857,Villa Devoto,,4572-2100,POINT (-58.51257609523023 -34.59073584557389)
311,Comuna 11,CARACAS 1448,Hogar Santa Lucía,,CARACAS 1448,-58.46901827575856,-34.614178196162506,1448,Villa Gral. Mitre,,4582-0941 / 4582-4776,POINT (-58.46901827575856 -34.614178196162506)
313,Comuna 11,SANABRIA 3274,Residencia Sanabria,,SANABRIA 3274,-58.51026971726614,-34.60672948895127,3274,Villa Devoto,,4501-2323 / 4041,POINT (-58.51026971726614 -34.60672948895127)
314,Comuna 11,"ESCALADA DE SAN MARTIN, R. 3073",Residencia Geriátrica Aranguren S.A.,,"ESCALADA DE SAN MARTIN, R. 3073",-58.48054227941153,-34.61643976291399,3073,Villa Santa Rita,,4581-5670 / 4373-1418,POINT (-58.48054227941153 -34.61643976291399)
315,Comuna 11,CAMARONES 2551,Residencia Geriátrica Bacacay,,CAMARONES 2551,-58.476304213215776,-34.60992379321724,2551,Villa Gral. Mitre,,4588-0118,POINT (-58.476304213215776 -34.60992379321724)
316,Comuna 11,HELGUERA 3458,Instituto Geriátrico del Rosario,,HELGUERA 3458,-58.4965388413073,-34.597201059734886,3458,Villa Del Parque,,4501-6839,POINT (-58.4965388413073 -34.597201059734886)
317,Comuna 11,"VARELA, JOSE PEDRO 3845",Gerusia II,,"VARELA, JOSE PEDRO 3845",-58.50609049870707,-34.60347922538937,3845,Villa Devoto,,4502-1698,POINT (-58.50609049870707 -34.60347922538937)
318,Comuna 11,TERRERO 1740,Residencia Geriátrica Terrero,,TERRERO 1740,-58.46634049741507,-34.608714106669076,1740,Villa Gral. Mitre,,4584-1213,POINT (-58.46634049741507 -34.608714106669076)
319,Comuna 11,"CARRIL, SALVADOR MARIA DEL AV. 3796",La Mansión de Las Siete Estrellas,,"CARRIL, SALVADOR MARIA DEL AV. 3796",-58.50979784294589,-34.597993204986984,3796,Villa Devoto,,4501-6668,POINT (-58.50979784294589 -34.597993204986984)
320,Comuna 11,FERNANDEZ DE ENCISO 3715,Instituto Chatelet,,FERNANDEZ DE ENCISO 3715,-58.51284972236765,-34.60412037293605,3715,Villa Devoto,,4501-7240 / 4981-0195,POINT (-58.51284972236765 -34.60412037293605)
321,Comuna 11,"CARRIL, SALVADOR MARIA DEL AV. 4151",Jardines del Carril,,"CARRIL, SALVADOR MARIA DEL AV. 4151",-58.51385920855362,-34.60027504100008,4151,Villa Devoto,,,POINT (-58.51385920855362 -34.60027504100008)
323,Comuna 11,VALLEJOS 4419,La Maison Blanc,,VALLEJOS 4419,-58.51990509380792,-34.59939697518232,4419,Villa Devoto,,4502-5600,POINT (-58.51990509380792 -34.59939697518232)
324,Comuna 11,ARGERICH 2864,Residencia Julia,,ARGERICH 2864,-58.4897225530325,-34.603547370498944,2864,Villa Del Parque,,4504-1030,POINT (-58.4897225530325 -34.603547370498944)
325,Comuna 10,SAN NICOLAS 84,Mi Dulce Hogar,,SAN NICOLAS 84,-58.47845479060165,-34.632000418798526,84,Floresta,,4671-5098,POINT (-58.47845479060165 -34.632000418798526)
326,Comuna 10,CAMPANA 96,Copacabana,,CAMPANA 96,-58.475374709040516,-34.63090627250562,96,Floresta,,4611-0611,POINT (-58.475374709040516 -34.63090627250562)
327,Comuna 11,HABANA 4452,Medalla Milagrosa,,HABANA 4452,-58.518732372366735,-34.60136896456952,4452,Villa Devoto,,4501-7262,POINT (-58.518732372366735 -34.60136896456952)
328,Comuna 11,GALICIA 2680,Tejas Verdes S.R.L.,,GALICIA 2680,-58.472866553011194,-34.61710136130799,2680,Villa Gral. Mitre,,4581-7351,POINT (-58.472866553011194 -34.61710136130799)
329,Comuna 11,"BUFANO, ALFREDO R. 2154",Las Martas S.R.L.,,"BUFANO, ALFREDO R. 2154",-58.47569844058002,-34.607631773066586,2154,Villa Gral. Mitre,,4521-1015 / 4584-8329,POINT (-58.47569844058002 -34.607631773066586)
331,Comuna 11,SAN NICOLAS 1278,Le Bosquet,,SAN NICOLAS 1278,-58.48641872696877,-34.62072680050924,1278,Villa Santa Rita,,4639-1511,POINT (-58.48641872696877 -34.62072680050924)
332,Comuna 11,BOYACA 1214,Residencia Geriátrica Paraty,,BOYACA 1214,-58.465241913490104,-34.61507662424482,1214,Villa Gral. Mitre,,4581-3121,POINT (-58.465241913490104 -34.61507662424482)
333,Comuna 11,"LOZANO, PEDRO 2747",Residencia Geriátrica Santa Germana,,"LOZANO, PEDRO 2747",-58.48987811464284,-34.597932621239195,2747,Villa Del Parque,,4501-4275 / 4373-6556,POINT (-58.48987811464284 -34.597932621239195)
335,Comuna 11,GUALEGUAYCHU 4161,Congregación de Madres de desamparadas - Hogar San José de la Montaña,,GUALEGUAYCHU 4161,-58.51524892338414,-34.599437012264666,4161,Villa Devoto,,4502-3430 / 4503-5533,POINT (-58.51524892338414 -34.599437012264666)
336,Comuna 11,HABANA 4321,La Misión,,HABANA 4321,-58.51736009076823,-34.60007249647699,4321,Villa Devoto,,4502-4517,POINT (-58.51736009076823 -34.60007249647699)
337,Comuna 11,"GONZALEZ, JOAQUIN V. 4015",Plaza Hogar,,"GONZALEZ, JOAQUIN V. 4015",-58.509361271073246,-34.59854222399309,4015,Villa Devoto,,,POINT (-58.509361271073246 -34.59854222399309)
338,Comuna 11,"GARCIA, JUAN AGUSTIN 2416",Primavera Eterna,,"GARCIA, JUAN AGUSTIN 2416",-58.47597154565036,-34.60731725769958,2416,Villa Gral. Mitre,,4581-6115,POINT (-58.47597154565036 -34.60731725769958)
340,Comuna 11,MELINCUE 2480,Geriátrico San Marcos,,MELINCUE 2480,-58.485270374458956,-34.59787392091681,2480,Villa Del Parque,,4501-3901,POINT (-58.485270374458956 -34.59787392091681)
342,Comuna 11,SEGUROLA AV. 2941,Asociación de Beneficencia Británica y Norteamericana,,SEGUROLA AV. 2941,-58.509795524317674,-34.609579142478246,2941,Villa Devoto,,4567-9997 / 4639-8129,POINT (-58.509795524317674 -34.609579142478246)
344,Comuna 11,"GUTIERREZ, RICARDO 3366",Residencia San Nicolás,,"GUTIERREZ, RICARDO 3366",-58.49751671697146,-34.60198939096586,3366,Villa Del Parque,,4501-8354,POINT (-58.49751671697146 -34.60198939096586)
345,Comuna 11,SANTO TOME 2746,Residencia Geriátrica Elim,,SANTO TOME 2746,-58.48509049432158,-34.60387472576044,2746,Villa Del Parque,,4501-1967,POINT (-58.48509049432158 -34.60387472576044)
347,Comuna 11,"MORAN, PEDRO 5276",San José,,"MORAN, PEDRO 5276",-58.52685226546106,-34.61228941543787,5276,Villa Devoto,,4568-6020,POINT (-58.52685226546106 -34.61228941543787)
349,Comuna 12,"RIVERA, PEDRO I., DR. 3975",Instituto Geriátrico Coghlan,,"RIVERA, PEDRO I., DR. 3975",-58.47704395329818,-34.56566486616382,3975,Coghlan,,4543-0902,POINT (-58.47704395329818 -34.56566486616382)
350,Comuna 12,PACHECO 2124,Olimpia Residencia para Mayores,,PACHECO 2124,-58.48218667064697,-34.57563948526783,2124,Villa Urquiza,,4523-4212/ 4521-8072,POINT (-58.48218667064697 -34.57563948526783)
351,Comuna 12,BURELA 2089,Las Glicinas,,BURELA 2089,-58.4893508422798,-34.580491905542644,2089,Villa Urquiza,,4522-8495,POINT (-58.4893508422798 -34.580491905542644)
352,Comuna 12,PACHECO 2271,Don Emilio,,PACHECO 2271,-58.483197421307324,-34.574061413971506,2271,Villa Urquiza,,4523-4296 / 4523-4371,POINT (-58.483197421307324 -34.574061413971506)
353,Comuna 12,MELIAN AV. 3244,Residencia Manantial,,MELIAN AV. 3244,-58.47745698598208,-34.55858433682119,3244,Coghlan,,4546-2022,POINT (-58.47745698598208 -34.55858433682119)
354,Comuna 12,AIZPURUA 3163,Macamax S.A.,,AIZPURUA 3163,-58.49981500763002,-34.57243984844674,3163,Villa Urquiza,,4572-1476 /2819,POINT (-58.49981500763002 -34.57243984844674)
355,Comuna 12,VILELA 2668,Hogar Geriátrico Belgrano R,,VILELA 2668,-58.47268001025697,-34.54703689813711,2668,Saavedra,,4701-7373,POINT (-58.47268001025697 -34.54703689813711)
356,Comuna 12,ANDONAEGUI 3586,Residencia Geriátrica El Hogar Sa.,,ANDONAEGUI 3586,-58.49916404735065,-34.56505706850404,3586,Villa Urquiza,,4541-8668,POINT (-58.49916404735065 -34.56505706850404)
357,Comuna 12,"LARRALDE, CRISOLOGO AV. 2625",Amabilis,,"LARRALDE, CRISOLOGO AV. 2625",-58.47050055638289,-34.55002838593782,2625,Saavedra,,4701-4586/4702-0731,POINT (-58.47050055638289 -34.55002838593782)
358,Comuna 12,PACHECO 2301,Carmir,,PACHECO 2301,-58.48366619220106,-34.573727715575785,2301,Villa Urquiza,,4521-6613 / 4522-0932,POINT (-58.48366619220106 -34.573727715575785)
359,Comuna 12,ROOSEVELT FRANKLIN D. AV. 5570,Residencia Geriátrica Arce,,ROOSEVELT FRANKLIN D. AV. 5570,-58.492227980901475,-34.57665730278119,5570,Villa Urquiza,,4521-8377 / 4522-2063,POINT (-58.492227980901475 -34.57665730278119)
360,Comuna 15,DONADO 1660,Residencia para Mayores Otro Estilo,,DONADO 1660,-58.47156264858009,-34.577269225708854,1660,Villa Ortuzar,,4554-1776 / 4554-2519,POINT (-58.47156264858009 -34.577269225708854)
361,Comuna 12,ALBARELLOS AV. 2669,El Remanso de los Abuelos,,ALBARELLOS AV. 2669,-58.50745758593507,-34.57593296670677,2669,Villa Pueyrredon,,4573-5776,POINT (-58.50745758593507 -34.57593296670677)
362,Comuna 12,CONGRESO AV. 3113,Activos,Norberto Peist,CONGRESO AV. 3113,-58.469451452474736,-34.55885520605742,3113,Coghlan,,4541-9708/4543-6960,POINT (-58.469451452474736 -34.55885520605742)
363,Comuna 12,ALVAREZ THOMAS AV. 3291,Residencia Irma,,ALVAREZ THOMAS AV. 3291,-58.48383478054868,-34.5706918859241,3291,Villa Urquiza,,4521-1373,POINT (-58.48383478054868 -34.5706918859241)
364,Comuna 12,ESTOMBA 2421,San Benito,Szefner Jorge,ESTOMBA 2421,-58.47380456007628,-34.567698897766846,2421,Villa Urquiza,,4541-0782 / 4545-3992,POINT (-58.47380456007628 -34.567698897766846)
365,Comuna 12,NUÑEZ 5346,El Jardin de los Abuelos,"Laura Elida, Acosta",NUÑEZ 5346,-58.494877715092414,-34.564709609406634,5346,Villa Urquiza,,4542-9246,POINT (-58.494877715092414 -34.564709609406634)
366,Comuna 12,CONGRESO AV. 4660,San Agustin,Rodrigo Gomez,CONGRESO AV. 4660,-58.48513892493745,-34.5673059499758,4660,Villa Urquiza,,45210471,POINT (-58.48513892493745 -34.5673059499758)
368,Comuna 12,ALTOLAGUIRRE 2372,Altos de Urquiza,Marisa Carolina Scarinci,ALTOLAGUIRRE 2372,-58.49094159729656,-34.577337638087926,2372,Villa Urquiza,,45217634,POINT (-58.49094159729656 -34.577337638087926)
369,Comuna 12,CONGRESO AV. 5460,Residencia Urquiza,"Gabriel Cesar, Pitasi",CONGRESO AV. 5460,-58.49410239284917,-34.5720516293776,5460,Villa Urquiza,,4586-0195 /4521-6075/4521-1075,POINT (-58.49410239284917 -34.5720516293776)
370,Comuna 12,"RIVERA, PEDRO I., DR. 3238",Quo Vadis,,"RIVERA, PEDRO I., DR. 3238",-58.46933064367847,-34.56164063805204,3238,Coghlan,,4541-8005,POINT (-58.46933064367847 -34.56164063805204)
371,Comuna 12,AIZPURUA 3338,Hogar Villamayor,Carla Otero,AIZPURUA 3338,-58.50142687623519,-34.570827909559604,3338,Villa Urquiza,,4572-7264,POINT (-58.50142687623519 -34.570827909559604)
374,Comuna 12,"FREIRE, RAMON, CAP. GRAL. 4662",Residencia Azul- Azul,Puchulu Guido,"FREIRE, RAMON, CAP. GRAL. 4662",-58.48260816254786,-34.54499361455942,4662,Saavedra,,45441828,POINT (-58.48260816254786 -34.54499361455942)
375,Comuna 12,JARAMILLO 4464,Renacer,Santiago Mayero,JARAMILLO 4464,-58.48747828734255,-34.55793511911349,4464,Saavedra,,4541-5210,POINT (-58.48747828734255 -34.55793511911349)
377,Comuna 12,BLANCO ENCALADA 4781,Residencia para Abuelos Milagros de María,Dr. Claudio Andrés Gaudiero (Especialización En Gerontología),BLANCO ENCALADA 4781,-58.48349403354987,-34.573618413968916,4781,Villa Urquiza,geriatricocarmir@gmail.com,4523-0487/4522-0932,POINT (-58.48349403354987 -34.573618413968916)
378,Comuna 12,BLANCO ENCALADA 5080,Residencia Tu Familia,"Liliana, Bidegain",BLANCO ENCALADA 5080,-58.486222607845626,-34.575674389851734,5080,Villa Urquiza,salanova9@gmail.com,4521-7829 / 4373-6075,POINT (-58.486222607845626 -34.575674389851734)
379,Comuna 12,CAPDEVILA 2945,Instituto Capdevila,Dr. Mario Ricardo Deisernia (Cursando Especialización En Gerontología),CAPDEVILA 2945,-58.489737114939345,-34.570144346582374,2945,Villa Urquiza,,4541-8372,POINT (-58.489737114939345 -34.570144346582374)
381,Comuna 12,CARACAS 5089,Residencia Caracas,Juan Sosa,CARACAS 5089,-58.49815888555463,-34.57871912795069,5089,Villa Pueyrredon,,4572-5799,POINT (-58.49815888555463 -34.57871912795069)
382,Comuna 12,BARZANA 1845,La Fuente Residencia para Adultos Mayores,Dr. Luis Omar Rodriguez (Cursando Especialización En Gerontología),BARZANA 1845,-58.485264484469916,-34.582125078711506,1845,Villa Urquiza,,4523-4472,POINT (-58.485264484469916 -34.582125078711506)
384,Comuna 12,BUCARELLI 3343,Laguna Dorada,Cyntia Manzor,BUCARELLI 3343,-58.49518577504452,-34.56736949674298,3343,Villa Urquiza,,4541-0800,POINT (-58.49518577504452 -34.56736949674298)
385,Comuna 12,BAUNESS 2316,La Casa del Nono,Dra. María Elba Libonatti (Cursando Especialización En Gerontología),BAUNESS 2316,-58.48691654104699,-34.575654545548865,2316,Villa Urquiza,,45222204 - 15 61385936,POINT (-58.48691654104699 -34.575654545548865)
386,Comuna 12,BUCARELLI 2932,Residencia Geriátrica la Casa del Sol,Dr. Enrique Fabián Coy (No Tiene Especialización En Gerontología ),BUCARELLI 2932,-58.49225877123955,-34.57166678364591,2932,Villa Urquiza,mlgconsultoria@yahoo.com,4521-5650,POINT (-58.49225877123955 -34.57166678364591)
387,Comuna 12,DE LOS CONSTITUYENTES AV. 5933,Ayelen,,DE LOS CONSTITUYENTES AV. 5933,-58.504453996631455,-34.57243574444783,5933,Villa Urquiza,impositivoestudio@hotmail.com,4573-4578,POINT (-58.504453996631455 -34.57243574444783)
388,Comuna 12,GALVAN 3052,Suites Galvan,Dr. Julio De La Fuente Aguerreberre,GALVAN 3052,-58.48719326886721,-34.56750535293818,3052,Villa Urquiza,juliodelafuente21@gmail.com,45414800,POINT (-58.48719326886721 -34.56750535293818)
390,Comuna 12,VEDIA 3250,Geriatrico del Sol S.R.L.,Juan Sosa,VEDIA 3250,-58.48416145495387,-34.54344052021925,3250,Saavedra,geriatricodelsolar@gmail.com,4543-1887,POINT (-58.48416145495387 -34.54344052021925)
391,Comuna 12,VALDENEGRO 3030,Hogar de Residencia San Cono,,VALDENEGRO 3030,-58.48607022013921,-34.567203521966235,3030,Villa Urquiza,institutocapdevila@yahoo.com.ar,4542-9941,POINT (-58.48607022013921 -34.567203521966235)
392,Comuna 12,LARSEN 2594,El Sol,Dra. Elba Graciela Ponce (Especialización En Gerontología),LARSEN 2594,-58.505033947664835,-34.5771137819403,2594,Villa Pueyrredon,info@sborghi.com.ar,4571-6713,POINT (-58.505033947664835 -34.5771137819403)
394,Comuna 12,MONROE 4035,El Solar III,Dr. Nestor Omar Fica,MONROE 4035,-58.475710036801544,-34.56783313991074,4035,Villa Urquiza,,4546-2854,POINT (-58.475710036801544 -34.56783313991074)
395,Comuna 12,TERRADA 4371,Tramas,"Ludmila Andrea, Torres",TERRADA 4371,-58.49864399864627,-34.587951370601814,4371,Villa Pueyrredon,residenciatramas@hotmail.com,4571-0781,POINT (-58.49864399864627 -34.587951370601814)
396,Comuna 12,"RIVERA, PEDRO I., DR. 4318",Instituto Geriatrico San Antonio,Victor Antonio Sede (Cursando Especialización En Gerontología),"RIVERA, PEDRO I., DR. 4318",-58.47987576842484,-34.56782764154764,4318,Villa Urquiza,administracion@altosderiverasa.com.ar,4543-5095,POINT (-58.47987576842484 -34.56782764154764)
397,Comuna 12,"RIVERA, PEDRO I., DR. 5602",Santa Maria Residencia Geriatrica,,"RIVERA, PEDRO I., DR. 5602",-58.49386563439116,-34.57529999445187,5602,Villa Urquiza,res.santamaria@gmail.com,4572-4906,POINT (-58.49386563439116 -34.57529999445187)
398,Comuna 12,BURELA 1862,Nuestra Señora de Lourdes,Maria Fernanda Diez,BURELA 1862,-58.48769481035435,-34.58328145381251,1862,Villa Urquiza,,4521-9992,POINT (-58.48769481035435 -34.58328145381251)
399,Comuna 13,OLAZABAL 2271,Residencia Margarita,,OLAZABAL 2271,-58.4571597746959,-34.55926018827149,2271,Belgrano,,4706-1290 / 4786-4616,POINT (-58.4571597746959 -34.55926018827149)
400,Comuna 13,BESARES 1825,Residencia para Mayores Magnolia Suites,,BESARES 1825,-58.46540839876768,-34.54242928323442,1825,Nuñez,administracion@magnoliasuites.com.ar,4701-8915,POINT (-58.46540839876768 -34.54242928323442)
401,Comuna 13,CRAMER AV. 3216,Merita,"Maria Teresa Soledad, Ramirez",CRAMER AV. 3216,-58.47000330859249,-34.55509375554086,3216,Nuñez,administracion@residenciamerita.com.ar,4544-6660 / 4546-0200 / 43135525,POINT (-58.47000330859249 -34.55509375554086)
402,Comuna 14,ARAOZ 1326,Residencia San Demetrio,Dra. Marta Maria Szokalo,ARAOZ 1326,-58.42699483968776,-34.59333496866502,1326,Palermo,,48311752,POINT (-58.42699483968776 -34.59333496866502)
404,Comuna 13,"ARREDONDO, VIRREY 2960",Residencia  Vida Digna,,"ARREDONDO, VIRREY 2960",-58.45466573305114,-34.572219330409425,2960,Colegiales,vidadignasa@hotmail.com,4554-2235 / 4555-0343 / 4788-0774,POINT (-58.45466573305114 -34.572219330409425)
405,Comuna 12,CULLEN 5849,Hostal Cullen,Megyes Luis,CULLEN 5849,-58.49668964821292,-34.577494453202355,5849,Villa Urquiza,,4573-1537 / 4572-9103,POINT (-58.49668964821292 -34.577494453202355)
406,Comuna 13,CRAMER 668,Residencia para Mayores Cramer,Dr. Luis Megyes,CRAMER 668,-58.44680678101829,-34.57392396488776,668,Colegiales,,4555-4762/ 4551-5547,POINT (-58.44680678101829 -34.57392396488776)
407,Comuna 13,"SUCRE, ANTONIO JOSE DE, MCAL. 3267",Nuevo Hogar de Belgrano,"Elba Maria, Libonati","SUCRE, ANTONIO JOSE DE, MCAL. 3267",-58.463631071691985,-34.56877188371161,3267,Belgrano,,1156670172,POINT (-58.463631071691985 -34.56877188371161)
408,Comuna 13,NUÑEZ 2546,Edificio Manantial,,NUÑEZ 2546,-58.46898977844914,-34.55118986591601,2546,Nuñez,,47014477,POINT (-58.46898977844914 -34.55118986591601)
409,Comuna 13,ZABALA 1945,Jardines de Belgrano,,ZABALA 1945,-58.44515203037683,-34.564900753105505,1945,Belgrano,,4784-8185,POINT (-58.44515203037683 -34.564900753105505)
410,Comuna 13,"UGARTE, MANUEL 2845",Residencia para Mayores Nueva Vida,,"UGARTE, MANUEL 2845",-58.46610088837782,-34.55824175669134,2845,Belgrano,,4788-9657 /4785-1389,POINT (-58.46610088837782 -34.55824175669134)
411,Comuna 13,"PINO, VIRREY DEL 3587",Residencia Nuevo Estilo,,"PINO, VIRREY DEL 3587",-58.46585328225104,-34.57316837391763,3587,Belgrano,,45528381,POINT (-58.46585328225104 -34.57316837391763)
412,Comuna 13,WASHINGTON 1910,San Jose,"María Del Carmen, Yani",WASHINGTON 1910,-58.46813618108344,-34.571479555868265,1910,Belgrano,geriatricosanjose@gmail.com,4576-8563 / 4555-3946,POINT (-58.46813618108344 -34.571479555868265)
414,Comuna 13,3 DE FEBRERO 2115,Club Residencial Flor de Lis,Gerardo Roberto Kabler,3 DE FEBRERO 2115,-58.45224275138191,-34.55906454288845,2115,Belgrano,,4786-7501,POINT (-58.45224275138191 -34.55906454288845)
416,Comuna 13,VIDAL 2750,Residencia del Sol S.R.L,,VIDAL 2750,-58.465388132446535,-34.55866054384567,2750,Belgrano,,4543-1667 / 3220-8474,POINT (-58.465388132446535 -34.55866054384567)
417,Comuna 13,"FREIRE, RAMON, CAP. GRAL. 1673",Maria Reina,,"FREIRE, RAMON, CAP. GRAL. 1673",-58.460460757944794,-34.570704191895516,1673,Belgrano,,45514723,POINT (-58.460460757944794 -34.570704191895516)
418,Comuna 13,BLANCO ENCALADA 3260,Residencia Galia,,BLANCO ENCALADA 3260,-58.46733939820871,-34.56433903338226,3260,Belgrano,,45454440,POINT (-58.46733939820871 -34.56433903338226)
420,Comuna 13,"PEREZ, GREGORIA 3460",C.E.R.E.V.E.,,"PEREZ, GREGORIA 3460",-58.455489802100296,-34.57843438775431,3460,Colegiales,,4551-8880,POINT (-58.455489802100296 -34.57843438775431)
421,Comuna 13,"SUCRE, ANTONIO JOSE DE, MCAL. 3001",Geriatrico Modelo del Palmar,,"SUCRE, ANTONIO JOSE DE, MCAL. 3001",-58.46084943343029,-34.56712966462213,3001,Belgrano,,4784-1950,POINT (-58.46084943343029 -34.56712966462213)
422,Comuna 13,"GARCIA, TEODORO 3054",San Marcos,Ruffino Maria Matilde,"GARCIA, TEODORO 3054",-58.44977855806939,-34.57604857653462,3054,Colegiales,,45522558,POINT (-58.44977855806939 -34.57604857653462)
423,Comuna 13,CABILDO AV. 3680,Sophia Residencia para Mayores,"Ignacio Ernesto, Bobek",CABILDO AV. 3680,-58.468197387514685,-34.549259359088204,3680,Nuñez,,47045257,POINT (-58.468197387514685 -34.549259359088204)
424,Comuna 13,VIDAL 3586,Centro Geriatrico Belgrano,,VIDAL 3586,-58.47190921712968,-34.55127771569774,3586,Nuñez,,4703-1249 / 4704-5009,POINT (-58.47190921712968 -34.55127771569774)
425,Comuna 13,"GARCIA, TEODORO 2458",San Roman,Carla Otero,"GARCIA, TEODORO 2458",-58.446077673638314,-34.57051859169228,2458,Colegiales,,4771-3346 / 4631-4586 / 4771-3340,POINT (-58.446077673638314 -34.57051859169228)
426,Comuna 13,VUELTA DE OBLIGADO 3473,Residencia Geriatrica Santa Monica,Silvia Alejandra Cisneros,VUELTA DE OBLIGADO 3473,-58.466126543552996,-34.54930992083414,3473,Nuñez,,47015607,POINT (-58.466126543552996 -34.54930992083414)
427,Comuna 13,VIDAL 2127,Instituto Geriátrico de los Santos,,VIDAL 2127,-58.4604005635846,-34.563826682020945,2127,Belgrano,,4781-3073 / 4781-8171,POINT (-58.4604005635846 -34.563826682020945)
428,Comuna 13,"LORETO, VIRREY 2656",Del Rosario,Hernan Schuster,"LORETO, VIRREY 2656",-58.45164876253861,-34.56991066530872,2656,Colegiales,,4783-3710,POINT (-58.45164876253861 -34.56991066530872)
429,Comuna 13,CIUDAD DE LA PAZ 948,La Mirage,,CIUDAD DE LA PAZ 948,-58.448038040360686,-34.57056609094403,948,Colegiales,,4783-9652 / 4787-9507/ 4787- 5587,POINT (-58.448038040360686 -34.57056609094403)
431,Comuna 13,ZAPIOLA 765,Residencia Zapiola,,ZAPIOLA 765,-58.44901728472284,-34.57552301288735,765,Colegiales,jandresjauregui@yahoo.com.ar,4551-2607,POINT (-58.44901728472284 -34.57552301288735)
432,Comuna 13,WASHINGTON 2470,El Hogar del Sol,,WASHINGTON 2470,-58.47232411519588,-34.566554591847755,2470,Belgrano,elhogardelsolbelgrano@gmail.com,4542-7986,POINT (-58.47232411519588 -34.566554591847755)
433,Comuna 13,VIDAL 2552,Hogar Modelo Vidal,Mario Hector Gore Iolis,VIDAL 2552,-58.464082666143575,-34.56017513774052,2552,Belgrano,mariogore@gmail.com,4545-5175,POINT (-58.464082666143575 -34.56017513774052)
434,Comuna 13,CORREA 2346,Complejo del Este,Juan Sosa,CORREA 2346,-58.471313184405346,-34.5436341214376,2346,Nuñez,complejodeleste.info@gmail.com,4702-6905,POINT (-58.471313184405346 -34.5436341214376)
435,Comuna 13,CRAMER AV. 2966,Hostal Cramer,"Rosali, Nion",CRAMER AV. 2966,-58.46792153346399,-34.55733919267089,2966,Nuñez,hostalcramer@yahoo.com.ar,4544-3278,POINT (-58.46792153346399 -34.55733919267089)
437,Comuna 13,VEDIA 2371,Residencia para Mayores Amanecer,Lic. Carla Natalia Otero,VEDIA 2371,-58.474679449703494,-34.539650716927646,2371,Nuñez,monica_camerano@yahoo.com.ar,4702-6235,POINT (-58.474679449703494 -34.539650716927646)
438,Comuna 14,URIARTE 1626,Dr. Silva Clinica Geriatrica,Dr. Axel Silva,URIARTE 1626,-58.43198957528356,-34.587165657945036,1626,Palermo,sibilasolsilva@gmail.com,4832-4507,POINT (-58.43198957528356 -34.587165657945036)
439,Comuna 13,LA PAMPA 3119,La Pampa 3119 S.R.L,Dr. Eduardo Raúl Soria (Geriatra) - Matrícula N° 133656,LA PAMPA 3119,-58.46128724399881,-34.56874018788563,3119,Belgrano,,4551-1554,POINT (-58.46128724399881 -34.56874018788563)
440,Comuna 13,"UGARTE, MANUEL 2954",San Esteban,Oscar Apkarian,"UGARTE, MANUEL 2954",-58.46693201133606,-34.559117420719936,2954,Belgrano,,4543-4740 / 4477,POINT (-58.46693201133606 -34.559117420719936)
442,Comuna 13,O'HIGGINS 2555,Mater Domini,Dra. Celina Griboff (Geriatra),O'HIGGINS 2555,-58.456452409492016,-34.55549012418218,2555,Belgrano,sebastian610@gmail.com,4788-4560,POINT (-58.456452409492016 -34.55549012418218)
443,Comuna 13,"SUCRE, ANTONIO JOSE DE, MCAL. 3241",Nuevo Hogar de Belgrano,Dra. María Elba Libonatti,"SUCRE, ANTONIO JOSE DE, MCAL. 3241",-58.463352957216415,-34.56860804238448,3241,Belgrano,adrian_manganaro@hotmail.com,4552-9206,POINT (-58.463352957216415 -34.56860804238448)
444,Comuna 13,"RIVERA, PEDRO I., DR. 2940",San Jorge,,"RIVERA, PEDRO I., DR. 2940",-58.46610643797571,-34.55983788191201,2940,Belgrano,,4632-6217,POINT (-58.46610643797571 -34.55983788191201)
445,Comuna 14,GURRUCHAGA 2462,Altos del Botánico Residencia Geriátrica,,GURRUCHAGA 2462,-58.42067698687297,-34.58260501230327,2462,Palermo,,4831-4423 / 4831-4183 / 115180-1354,POINT (-58.42067698687297 -34.58260501230327)
446,Comuna 14,"LACROZE, FEDERICO AV. 2072",Ser Vital,,"LACROZE, FEDERICO AV. 2072",-58.44204422926663,-34.56713979628305,2072,Palermo,,4772-7630 / 4779-9539,POINT (-58.44204422926663 -34.56713979628305)
447,Comuna 12,LA PAMPA 5277,Residencia la Pampa,,LA PAMPA 5277,-58.482025525827105,-34.580669838107504,5277,Villa Urquiza,,4521-0196 / 4522-2445,POINT (-58.482025525827105 -34.580669838107504)
448,Comuna 14,UGARTECHE 2815,Residencia Ugarteche,Dr.German Pensa,UGARTECHE 2815,-58.4137320435063,-34.582923845978655,2815,Palermo,,48047380,POINT (-58.4137320435063 -34.582923845978655)
449,Comuna 15,BAUNESS 1265,Residencia Nuestro Tiempo,,BAUNESS 1265,-58.47742300608644,-34.58608245904891,1265,Parque Chas,,4522-0244 / 4523-6523,POINT (-58.47742300608644 -34.58608245904891)
450,Comuna 14,CHARCAS 4278,Instituto Geriátrico Serrano,"Adolfo Oscar, Heilbron",CHARCAS 4278,-58.42296623232568,-34.584049468713275,4278,Palermo,,4832-4526,POINT (-58.42296623232568 -34.584049468713275)
451,Comuna 14,SERRANO 1378,Serranía Residencia para Mayores,,SERRANO 1378,-58.432612409276885,-34.59007360910142,1378,Palermo,,4775-0027 /4775-0085,POINT (-58.432612409276885 -34.59007360910142)
452,Comuna 14,CABILDO AV. 288,Hogar Constanza,,CABILDO AV. 288,-58.439608440812655,-34.572950944470946,288,Palermo,,4774-4254 / 4778-1839,POINT (-58.439608440812655 -34.572950944470946)
453,Comuna 14,ARMENIA 1675,Cumelen Residencia para Adultos Mayores,,ARMENIA 1675,-58.427310678486414,-34.58967691940513,1675,Palermo,,4832- 0203/ 45668,POINT (-58.427310678486414 -34.58967691940513)
454,Comuna 14,"ALVAREZ, JULIAN 2215",Nuestra Señora de Guadalupe,Dr. Fernando Julian Quintas,"ALVAREZ, JULIAN 2215",-58.41765262521984,-34.58875031559335,2215,Palermo,,4823-1160 / 4827-2060,POINT (-58.41765262521984 -34.58875031559335)
455,Comuna 14,"LACROZE, FEDERICO AV. 2146",Centro de Geriátria Belgrano S.R.L.,,"LACROZE, FEDERICO AV. 2146",-58.442536117342065,-34.567644298606005,2146,Palermo,,4774-4352 / 4774 2140,POINT (-58.442536117342065 -34.567644298606005)
456,Comuna 14,GORRITI 3868,Instituto Gorriti,"Carlos Alberto, Perez",GORRITI 3868,-58.41937325146734,-34.5956187879189,3868,Palermo,,4862 1720,POINT (-58.41937325146734 -34.5956187879189)
457,Comuna 14,REPUBLICA DE ESLOVENIA 1867,Residencia Gardenia,Maria Virginia Mouesca,REPUBLICA DE ESLOVENIA 1867,-58.43413334652227,-34.56987693145809,1867,Palermo,,4771-0390,POINT (-58.43413334652227 -34.56987693145809)
458,Comuna 14,CIUDAD DE LA PAZ 368,La Arboleda,Carla Otero,CIUDAD DE LA PAZ 368,-58.442208236798635,-34.574166385820426,368,Palermo,,4553-9101,POINT (-58.442208236798635 -34.574166385820426)
460,Comuna 14,"DIAZ, CNEL. AV. 2856",Residencia Palermo Chico,,"DIAZ, CNEL. AV. 2856",-58.40425881125168,-34.579675433286944,2856,Palermo,cpc@estudio-mpc.com,4802-2737,POINT (-58.40425881125168 -34.579675433286944)
461,Comuna 14,"ALVAREZ, JULIAN 1416",Ana Evelina El Yar,Ana Evelina El Yar,"ALVAREZ, JULIAN 1416",-58.42519297826103,-34.59326118277429,1416,Palermo,,4833-1417,POINT (-58.42519297826103 -34.59326118277429)
462,Comuna 14,"CAMPOS, LUIS M. AV. 180",Casazul,Juan Sosa,"CAMPOS, LUIS M. AV. 180",-58.431191624195556,-34.575130925916,180,Palermo,residenciacasazul@hotmail.com,47712466,POINT (-58.431191624195556 -34.575130925916)
463,Comuna 14,URIARTE 1634,Residencia Geriátrica Dr. Silva,,URIARTE 1634,-58.43191322794585,-34.58711502463349,1634,Palermo,,4832-4507 / 4833-0361,POINT (-58.43191322794585 -34.58711502463349)
465,Comuna 15,PLAZA 1223,Plaza Mayor,,PLAZA 1223,-58.467036864799,-34.580304987227166,1223,Villa Ortuzar,,4552-8584 / 4555-3836,POINT (-58.467036864799 -34.580304987227166)
468,Comuna 15,OLLEROS 3718,Residencia San Jorge,,OLLEROS 3718,-58.451115950232975,-34.58317031774147,3718,Chacarita,florenciapaldino@icloud.com,4553-2284/ 2989,POINT (-58.451115950232975 -34.58317031774147)
469,Comuna 15,"VICTORICA, BENJAMIN, GENERAL, AV. 2330",Nuevo Hogar,"Elba Maria, Libonati","VICTORICA, BENJAMIN, GENERAL, AV. 2330",-58.47878599011729,-34.57932122822401,2330,Parque Chas,,4553-6521 /4552-9206 / 4521-9656,POINT (-58.47878599011729 -34.57932122822401)
470,Comuna 15,SERRANO 625,La Serrana,,SERRANO 625,-58.440664195342066,-34.59527810682472,625,Villa Crespo,,4855-6426 / 4854-4186 /4858-6426,POINT (-58.440664195342066 -34.59527810682472)
471,Comuna 15,CAMARGO 880,Hogar Camargo,"Guillermo Cesar, Nuñez",CAMARGO 880,-58.44363606098541,-34.59755557800277,880,Villa Crespo,,4856-3640 / 47880774,POINT (-58.44363606098541 -34.59755557800277)
472,Comuna 15,ALVAREZ THOMAS AV. 268,Instituto Geriatrico Nuestra Señora de Las Nieves,"Fernando Emilio, Taragano",ALVAREZ THOMAS AV. 268,-58.448055722644334,-34.58182453447541,268,Chacarita,,1145522458,POINT (-58.448055722644334 -34.58182453447541)
473,Comuna 15,LOYOLA 1545,Hogar Loyola,"Nelida Hilda, Muñoz",LOYOLA 1545,-58.44360136205186,-34.58778169534784,1545,Chacarita,,48541633,POINT (-58.44360136205186 -34.58778169534784)
474,Comuna 15,ESPINOSA 2511,Residencia Geriátrica la Amistad,Perez Julia Graciela,ESPINOSA 2511,-58.46711267745175,-34.60089532433807,2511,Paternal,,4582-8828,POINT (-58.46711267745175 -34.60089532433807)
475,Comuna 15,GUEVARA 311,Centro Dorrego Residencia para Adultos Mayores,,GUEVARA 311,-58.44918589788757,-34.58717056290368,311,Chacarita,,4551-9168/4554-1109,POINT (-58.44918589788757 -34.58717056290368)
476,Comuna 15,12 DE OCTUBRE 1665,Residencia para Mayores 12 de Octubre,Jorge Szefner,12 DE OCTUBRE 1665,-58.46995487255753,-34.599981077205534,1665,Paternal,,2084-8454,POINT (-58.46995487255753 -34.599981077205534)
477,Comuna 15,ESPINOSA 2047,Residencia Geriátrica Miss Daisy,,ESPINOSA 2047,-58.46025286464744,-34.602489846901356,2047,Paternal,,45816801,POINT (-58.46025286464744 -34.602489846901356)
478,Comuna 15,"ALVAREZ, JULIAN 224",Del Jazmín,Damian Pasik,"ALVAREZ, JULIAN 224",-58.438352583167564,-34.60186172087504,224,Villa Crespo,,4854-5273,POINT (-58.438352583167564 -34.60186172087504)
479,Comuna 15,GUEVARA 35,Asociación Civil Club Tinetense Residencia Asturiana,,GUEVARA 35,-58.44628606452402,-34.58836790186559,35,Chacarita,,4855-6253/ 4865-6253 /4854-3648,POINT (-58.44628606452402 -34.58836790186559)
480,Comuna 15,ACEVEDO 950,El Hogar de mi Bobe,Juan Sosa,ACEVEDO 950,-58.43472661204111,-34.59406751369993,950,Villa Crespo,,4772-5204,POINT (-58.43472661204111 -34.59406751369993)
481,Comuna 15,"PUEYRREDON, HONORIO, DR. AV. 1388",La Posada,Alejandro Gustavo Barcala,"PUEYRREDON, HONORIO, DR. AV. 1388",-58.44786113341341,-34.60485473502111,1388,Villa Crespo,laposadageriatrico@gmail.com,4581-9949,POINT (-58.44786113341341 -34.60485473502111)
482,Comuna 15,ATENAS 2830,Hogar mi Casita,Juan Sosa,ATENAS 2830,-58.48165722630036,-34.58205060949157,2830,Parque Chas,,4523-1884,POINT (-58.48165722630036 -34.58205060949157)
483,Comuna 15,CHARLONE 2063,Despertares,Juan Sosa,CHARLONE 2063,-58.47036674049678,-34.5803059618346,2063,Villa Ortuzar,vero_1983_marin@hotmail.com,4552-9475 / 7485,POINT (-58.47036674049678 -34.5803059618346)
484,Comuna 15,ESPINOSA 2230,Gerusia S.R.L,Dr. Horacio Alberto Ferrara (Geriatra),ESPINOSA 2230,-58.46300160520788,-34.60214466828009,2230,Paternal,,4581-2035 / 4865-3418,POINT (-58.46300160520788 -34.60214466828009)
485,Comuna 15,BAUNESS 1265,Residencia Nuestro Tiempo,Dr. Jorge Enrique Szefner (Especialización En Gerontología),BAUNESS 1265,-58.47742300608644,-34.58608245904891,1265,Parque Chas,,4522-0244 / 4523-6523,POINT (-58.47742300608644 -34.58608245904891)
486,Comuna 15,CUCHA CUCHA 1483,El Amanecer,Lic. Carla Natalia Otero (Cursando Especialización En Gerontología),CUCHA CUCHA 1483,-58.45321450720203,-34.605441288517795,1483,Villa Crespo,monica_camerano@yahoo.com.ar,4583-4715 / 46314586,POINT (-58.45321450720203 -34.605441288517795)
487,Comuna 15,DARWIN 860,Residencia para El Adulto Mayor Albert Schweitzer,,DARWIN 860,-58.44315659392489,-34.5922338392098,860,Villa Crespo,arqmarques@fibertel.com.ar,4854-2998,POINT (-58.44315659392489 -34.5922338392098)
488,Comuna 15,GUEVARA 447,Hogar Ledor Vador,Lic. Enrique Jacobo Burbinski (Cursando Especialización En Gerontología),GUEVARA 447,-58.45087526654477,-34.58650036443513,447,Chacarita,,4556-2100 / 4556-2222 / 4556-2131,POINT (-58.45087526654477 -34.58650036443513)
489,Comuna 15,HOLMBERG 1630,Nuestra Señora de Lourdes,,HOLMBERG 1630,-58.47032009292482,-34.57708817562914,1630,Villa Ortuzar,,4555-5470,POINT (-58.47032009292482 -34.57708817562914)
493,Comuna 15,"RAMIREZ DE VELASCO, JUAN 646",Hogar de los Abuelos,Lic. Carla Natalia Otero (Cursando Especialización En Gerontología),"RAMIREZ DE VELASCO, JUAN 646",-58.4380505802618,-34.59723135177383,646,Villa Crespo,,4856-9893 / 4631-4586,POINT (-58.4380505802618 -34.59723135177383)
494,Comuna 15,"DUMONT, SANTOS 3640",Nuestro Hogar,Dra. Patricia Sandra Barbarulo,"DUMONT, SANTOS 3640",-58.44803967476036,-34.58478081656413,3640,Chacarita,sanboronat@hotmail.com,4553-6727,POINT (-58.44803967476036 -34.58478081656413)
495,Comuna 7,"ACOSTA, MARIANO 1754",Residencia Montecarlo,,"ACOSTA, MARIANO 1754",-58.46301342500963,-34.6491669640936,1754,Flores,,,POINT (-58.46301342500963 -34.6491669640936)
496,Comuna 15,ALVAREZ THOMAS AV. 1449,Álvarez Thomas Residencia Senior,,ALVAREZ THOMAS AV. 1449,-58.462548673733664,-34.5782710650501,1449,Villa Ortuzar,,,POINT (-58.462548673733664 -34.5782710650501)
497,Comuna 2,BILLINGHURST 2431,Residencia Billinghurst,,BILLINGHURST 2431,-58.404741427425925,-34.58429091017354,2431,Recoleta,,,POINT (-58.404741427425925 -34.58429091017354)
498,Comuna 9,LACARRA AV. 1152,Residencia Geriátrica Miraflores,,LACARRA AV. 1152,-58.47537503886396,-34.644848756404926,1152,Parque Avellaneda,,4672-1008 /4671-8271,POINT (-58.47537503886396 -34.644848756404926)
499,Comuna 7,LAFUENTE 248,San Genaro I,,LAFUENTE 248,-58.46686211112878,-34.63353177862823,248,Flores,,4613-1185,POINT (-58.46686211112878 -34.63353177862823)
500,Comuna 11,"LAMARCA, EMILIO 4135",Altos del Boulevard,,"LAMARCA, EMILIO 4135",-58.50765717029522,-34.59616022064828,4135,Villa Devoto,,4504-2985,POINT (-58.50765717029522 -34.59616022064828)
501,Comuna 5,PRINGLES 242,Cirep,,PRINGLES 242,-58.42762401997625,-34.6097663545453,242,Almagro,,,POINT (-58.42762401997625 -34.6097663545453)
502,Comuna 11,"ROJAS, DIEGO DE 2384",Los Rubíes,,"ROJAS, DIEGO DE 2384",-58.5156419932962,-34.61793541309958,2384,Villa Devoto,,4566-5339,POINT (-58.5156419932962 -34.61793541309958)
503,Comuna 11,TERRADA 2749,Centro del Parque,,TERRADA 2749,-58.486388597054074,-34.60341054541826,2749,Villa Del Parque,,4503-0858,POINT (-58.486388597054074 -34.60341054541826)
504,Comuna 2,URUGUAY 1216,Residencia Santa Catalina,,URUGUAY 1216,-58.387381603884485,-34.59442886901518,1216,Recoleta,,4816-0559/0560,POINT (-58.387381603884485 -34.59442886901518)
505,Comuna 14,"VEGA, NICETO, CNEL. 5036",Residencia Geriátrica de Hom,,"VEGA, NICETO, CNEL. 5036",-58.43385718294477,-34.59061825711365,5036,Palermo,,4774-9785 / 4775-8362,POINT (-58.43385718294477 -34.59061825711365)
506,Comuna 1,COCHABAMBA 1649,Residencia Cochabamba,,COCHABAMBA 1649,-58.38913652184555,-34.62389061339368,1649,Constitucion,,4306-1230,POINT (-58.38913652184555 -34.62389061339368)
