long,lat,id,programa,actividad,sede,horario,telefono,email,web,facebook,twitter,observacio,objeto,calle_nomb,calle_altu,cruce,barrio,comuna,codigo_pos,codigo_p_1,geometry
-58.50381967319109,-34.576385797272664,44,Plazas Activas,Gimnasia,Alem,,,prensadeportesciudad@gmail.com,www.buenosaires.gob.ar/deportes,www.facebook.com/DeportesBA,@DeportesBA,,PROGRAMAS DEPORTIVOS,Larsen,,"Artigas, Jose Gervasio, Gral.",Villa Pueyrredon,Comuna 12,,,POINT (-58.50381967319109 -34.576385797272664)
-58.513336994043776,-34.59919104569472,45,Plazas Activas,Aerolocal - Gimnasia - Newcom - Ritmos,Arenales,,,prensadeportesciudad@gmail.com,www.buenosaires.gob.ar/deportes,www.facebook.com/DeportesBA,@DeportesBA,,PROGRAMAS DEPORTIVOS,Pareja,,Mercedes,Villa Devoto,Comuna 11,,,POINT (-58.513336994043776 -34.59919104569472)
-58.49360392307435,-34.605465286884716,46,Plazas Activas,Aerolocal - Gym Total,Aristobulo del Valle,,,prensadeportesciudad@gmail.com,www.buenosaires.gob.ar/deportes,www.facebook.com/DeportesBA,@DeportesBA,,PROGRAMAS DEPORTIVOS,Baigorria,,Campana,Villa Del Parque,Comuna 11,,,POINT (-58.49360392307435 -34.605465286884716)
-58.474267926474106,-34.64585166692187,12,BA Discapacidad,Colonia de Vacaciones,Avellaneda,Sábado de 10:00 a 17:00 hs,,deportesdiscapacidad@buenosaires.gob.ar,www.buenosaires.gob.ar/deportes,www.facebook.com/DeportesBA,@DeportesBA,,PROGRAMAS DEPORTIVOS,Lacarra Av.,1257,,Parque Avellaneda,Comuna 9,,,POINT (-58.474267926474106 -34.64585166692187)
-58.47587334066125,-34.64547688537257,47,Plazas Activas,Acondicionamiento Físico - Aero Gimnasio - Conciencia Corporal - Gym Local - Ritmos - Stretching,Avellaneda,,,prensadeportesciudad@gmail.com,www.buenosaires.gob.ar/deportes,www.facebook.com/DeportesBA,@DeportesBA,,PROGRAMAS DEPORTIVOS,Lacarra Av.,,"Bilbao, Francisco Av.",Parque Avellaneda,Comuna 9,,,POINT (-58.47587334066125 -34.64547688537257)
-58.52144829877909,-34.62809000890821,1,BA Corre,Acondicionamiento Físico - Caminata - Running,Banff,Miércoles de 19:00 a 21:00 hs // Miércoles de 19:00 a 21:00 hs // Miércoles de 19:00 a 21:00 hs // Lunes de 19:00 a 21:00 hs // Lunes de 19:00 a 21:00 hs // Lunes de 19:00 a 21:00 hs,,prensadeportesciudad@gmail.com,www.buenosaires.gob.ar/deportes,www.facebook.com/DeportesBA,@DeportesBA,,PROGRAMAS DEPORTIVOS,Roma,,Arregui Av.,Versalles,Comuna 10,,,POINT (-58.52144829877909 -34.62809000890821)
-58.45686098936489,-34.65602078487369,25,Núcleos BA,Boxeo - Escuelita de Fútbol (EFI) - Fútbol - Fútbol Femenino - Fútbol Masculino - Natación,Barrilo R. Carrillo (C. A. Virgen Inmaculada),,,,www.buenosaires.gob.ar/deportes,www.facebook.com/DeportesBA,@DeportesBA,,PROGRAMAS DEPORTIVOS,Pasaje L,,Martinez Castro,Villa Soldati,Comuna 8,,,POINT (-58.45686098936489 -34.65602078487369)
-58.432636460030515,-34.64983848290239,19,Núcleos BA,Danza Afroperuana - Fútbol - Hockey - Patín - Taekwondo,Barrio 1.11.14,,,,www.buenosaires.gob.ar/deportes,www.facebook.com/DeportesBA,@DeportesBA,,PROGRAMAS DEPORTIVOS,"Moreno, Perito Av.",,"Fernandez De La Cruz, F., Gral. Av.",Flores,Comuna 7,,,POINT (-58.432636460030515 -34.64983848290239)
-58.46569393398981,-34.677320179463706,20,Núcleos BA,Actividad Rítmica - Béisbol - Boxeo - Escuelita de Fútbol (EFI) - Frontball - Fútbol Femenino - Fútbol Masculino - Gimnasia Adultos - Gimnasia Artística - Hándball - Kung Fu - Palestra - Taekwondo,Barrio 20,,,,www.buenosaires.gob.ar/deportes,www.facebook.com/DeportesBA,@DeportesBA,,PROGRAMAS DEPORTIVOS,Pola,,"Chilavert, Martiniano, Coronel",Villa Lugano,Comuna 8,,,POINT (-58.46569393398981 -34.677320179463706)
-58.39724249287764,-34.65604234462087,21,Núcleos BA,Fútbol - Fútbol 5 - Hockey,Barrio 21.24,,,,www.buenosaires.gob.ar/deportes,www.facebook.com/DeportesBA,@DeportesBA,,PROGRAMAS DEPORTIVOS,Zavaleta,1261,,Barracas,Comuna 4,,,POINT (-58.39724249287764 -34.65604234462087)
-58.37882922392603,-34.58258627687276,22,Núcleos BA,Básquet - Defensa Personal - Fútbol - Hockey - Tenis - Vóley,Barrio 31,,,,www.buenosaires.gob.ar/deportes,www.facebook.com/DeportesBA,@DeportesBA,,PROGRAMAS DEPORTIVOS,"Perette, Carlos H.",,Chañar,Retiro,Comuna 1,,,POINT (-58.37882922392603 -34.58258627687276)
-58.47342085894388,-34.658137053111744,27,Núcleos BA,Fútbol Femenino - Fútbol Masculino - Gimnasia Femenina - Hockey,Barrio Cildañez,,,,www.buenosaires.gob.ar/deportes,www.facebook.com/DeportesBA,@DeportesBA,,PROGRAMAS DEPORTIVOS,White,,Zuviria,Parque Avellaneda,Comuna 9,,,POINT (-58.47342085894388 -34.658137053111744)
-58.45356304759805,-34.65831887849567,34,Núcleos BA,Boxeo - Fútbol,Barrio Fátima,,,,www.buenosaires.gob.ar/deportes,www.facebook.com/DeportesBA,@DeportesBA,,PROGRAMAS DEPORTIVOS,Riestra Av.,,Martinez Castro,Villa Soldati,Comuna 8,,,POINT (-58.45356304759805 -34.65831887849567)
-58.48846448855556,-34.68383304528113,35,Núcleos BA,Gimnasia Adultos,Barrio Inta,,,,www.buenosaires.gob.ar/deportes,www.facebook.com/DeportesBA,@DeportesBA,,PROGRAMAS DEPORTIVOS,"Paz, Gral. Av.",,Los Robles,Villa Lugano,Comuna 8,,,POINT (-58.48846448855556 -34.68383304528113)
-58.452490068110116,-34.65726006251393,36,Núcleos BA,Fútbol,Barrio Los Pinos,,,,www.buenosaires.gob.ar/deportes,www.facebook.com/DeportesBA,@DeportesBA,,PROGRAMAS DEPORTIVOS,Riestra Av.,,"Acosta, Mariano",Villa Soldati,Comuna 8,,,POINT (-58.452490068110116 -34.65726006251393)
-58.48459812311749,-34.548927223755996,23,Núcleos BA,Hockey - Preparación Física - Rugby,Barrio Mitre,,,,www.buenosaires.gob.ar/deportes,www.facebook.com/DeportesBA,@DeportesBA,,PROGRAMAS DEPORTIVOS,Melian Av.,4400,,Saavedra,Comuna 12,,,POINT (-58.48459812311749 -34.548927223755996)
-58.47106567871678,-34.662792968929175,37,Núcleos BA,Iniciación Deportiva,Barrio Nágera,Martes de 18:00 a 19:00 hs // Jueves de 18:00 a 19:00 hs,,,www.buenosaires.gob.ar/deportes,www.facebook.com/DeportesBA,@DeportesBA,,PROGRAMAS DEPORTIVOS,"Dellepiane, Luis, Tte. Gral.",,Escalada Av.,Villa Lugano,Comuna 8,,,POINT (-58.47106567871678 -34.662792968929175)
-58.49516460396403,-34.676448080343874,24,Núcleos BA,Fútbol - Gimnasia Rítmica - Hockey,Barrio Pirelli,,,,www.buenosaires.gob.ar/deportes,www.facebook.com/DeportesBA,@DeportesBA,,PROGRAMAS DEPORTIVOS,"Suarez, Jose Leon",3777,,Villa Lugano,Comuna 8,,,POINT (-58.49516460396403 -34.676448080343874)
-58.44323228099214,-34.66534413160755,42,Núcleos BA,Fútbol - Hockey,Barrio Soldati,,,,www.buenosaires.gob.ar/deportes,www.facebook.com/DeportesBA,@DeportesBA,,PROGRAMAS DEPORTIVOS,"Acosta, Mariano",,Corrales,Villa Soldati,Comuna 8,,,POINT (-58.44323228099214 -34.66534413160755)
-58.39543142482368,-34.65150774022391,43,Núcleos BA,Hockey,Barrio Zavaleta,,,,www.buenosaires.gob.ar/deportes,www.facebook.com/DeportesBA,@DeportesBA,,PROGRAMAS DEPORTIVOS,"Iriarte, Gral. Av.",,Luna,Barracas,Comuna 4,,,POINT (-58.39543142482368 -34.65150774022391)
-58.43512100543491,-34.55507319908797,17,Campo de Golf,Golf,Campo de Golf,Domingo de 07:30 a 17:00 hs // Viernes de 07:30 a 17:00 hs // Martes de 07:30 a 17:00 hs // Jueves de 07:30 a 17:00 hs // Miércoles de 07:30 a 17:00 hs // Sábado de 07:30 a 17:00 hs // Feriados de 07:30 a 17:00 hs,4772-7261 / 4772-7576 / 4777-4621 / Reservas 4774-9158,,www.campogolfpalermo.com,www.facebook.com/DeportesBA,@DeportesBA,,PROGRAMAS DEPORTIVOS,"Tornquist, Ernesto Av.",6397,,Palermo,Comuna 14,,,POINT (-58.43512100543491 -34.55507319908797)
-58.43762343840741,-34.607708243212585,48,Plazas Activas,Acondicionamiento Físico - Aerolocal - Gimnasia - Gym Local - Newcom - Ritmos Latinos,Centenario,,,prensadeportesciudad@gmail.com,www.buenosaires.gob.ar/deportes,www.facebook.com/DeportesBA,@DeportesBA,,PROGRAMAS DEPORTIVOS,"Marechal, Leopoldo",,Franklin,Caballito,Comuna 6,,,POINT (-58.43762343840741 -34.607708243212585)
-58.46312645939648,-34.688301559280916,26,Núcleos BA,Fútbol Femenino,Centro Cultural Saladiyo,,,,www.buenosaires.gob.ar/deportes,www.facebook.com/DeportesBA,@DeportesBA,,PROGRAMAS DEPORTIVOS,Beron De Astrada,5920,,Villa Lugano,Comuna 8,,,POINT (-58.46312645939648 -34.688301559280916)
-58.445878271063,-34.63665401686971,2,BA Corre,Acondicionamiento Físico - Caminata - Running,Chacabuco,Viernes de 19:00 a 21:00 hs // Lunes de 19:00 a 21:00 hs // Lunes de 19:00 a 21:00 hs // Miércoles de 19:00 a 21:00 hs // Viernes de 19:00 a 21:00 hs // Lunes de 19:00 a 21:00 hs // Viernes de 19:00 a 21:00 hs // Miércoles de 19:00 a 21:00 hs // Miérc,,prensadeportesciudad@gmail.com,www.buenosaires.gob.ar/deportes,www.facebook.com/DeportesBA,@DeportesBA,,PROGRAMAS DEPORTIVOS,Asamblea Av.,,Curapaligue Av.,Parque Chacabuco,Comuna 7,,,POINT (-58.445878271063 -34.63665401686971)
-58.44462286277523,-34.6330462767968,13,BA Discapacidad,Colonia de Vacaciones - Iniciación Deportiva,Chacabuco,Sábado de 10:00 a 17:00 hs // Sábado de 10:00 a 17:00 hs,,deportesdiscapacidad@buenosaires.gob.ar,www.buenosaires.gob.ar/deportes,www.facebook.com/DeportesBA,@DeportesBA,,PROGRAMAS DEPORTIVOS,"Peron, Eva Av.",1410,,Parque Chacabuco,Comuna 7,,,POINT (-58.44462286277523 -34.6330462767968)
-58.438859524544156,-34.63525328926126,49,Plazas Activas,Acondicionamiento Físico - Aerolocal - Gimnasia Correctiva - Ritmos - Stretching,Chacabuco,,,prensadeportesciudad@gmail.com,www.buenosaires.gob.ar/deportes,www.facebook.com/DeportesBA,@DeportesBA,,PROGRAMAS DEPORTIVOS,Asamblea Av.,,"Mitre, Emilio",Parque Chacabuco,Comuna 7,,,POINT (-58.438859524544156 -34.63525328926126)
-58.520360056542565,-34.62886333952067,50,Plazas Activas,Acondicionamiento Físico - Aerolocal - Cardio Gym - Gym Total - Stretching,Ciudad Banff,,,prensadeportesciudad@gmail.com,www.buenosaires.gob.ar/deportes,www.facebook.com/DeportesBA,@DeportesBA,,PROGRAMAS DEPORTIVOS,Lisboa,,Lascano,Versalles,Comuna 10,,,POINT (-58.520360056542565 -34.62886333952067)
-58.433985760183226,-34.64963929065955,28,Núcleos BA,Actividades Adaptadas - Hándball - Hockey - Natación - Vóley,Club Atlético Madres del Pueblo (1-11-14),,,,www.buenosaires.gob.ar/deportes,www.facebook.com/DeportesBA,@DeportesBA,,PROGRAMAS DEPORTIVOS,"Torres Y Tenorio, Pres.",,"Barros Pazos, Jose",Flores,Comuna 7,,,POINT (-58.433985760183226 -34.64963929065955)
-58.46425322004324,-34.68466017917682,29,Núcleos BA,Hockey,Club de Jóvenes,,,,www.buenosaires.gob.ar/deportes,www.facebook.com/DeportesBA,@DeportesBA,,PROGRAMAS DEPORTIVOS,Soldado De La Frontera Av.,5130,,Villa Lugano,Comuna 8,,,POINT (-58.46425322004324 -34.68466017917682)
-58.47711752368211,-34.66104214984817,30,Núcleos BA,Fútbol - Patín,Club Torino,,,,www.buenosaires.gob.ar/deportes,www.facebook.com/DeportesBA,@DeportesBA,,PROGRAMAS DEPORTIVOS,Zuviria,4663,,Villa Lugano,Comuna 8,,,POINT (-58.47711752368211 -34.66104214984817)
-58.48185711912938,-34.68394693582666,31,Núcleos BA,Natación,Club Yupanqui,,,,www.buenosaires.gob.ar/deportes,www.facebook.com/DeportesBA,@DeportesBA,,PROGRAMAS DEPORTIVOS,Guamini,4501,,Villa Lugano,Comuna 8,,,POINT (-58.48185711912938 -34.68394693582666)
-58.37443495846667,-34.637666810078485,51,Plazas Activas,Gym Local - Ritmos,Colombia,,,prensadeportesciudad@gmail.com,www.buenosaires.gob.ar/deportes,www.facebook.com/DeportesBA,@DeportesBA,,PROGRAMAS DEPORTIVOS,Brandsen,,"Montes De Oca, Manuel Av.",Barracas,Comuna 4,,,POINT (-58.37443495846667 -34.637666810078485)
-58.43469557477467,-34.65042239695131,32,Núcleos BA,Hockey - Iniciación Deportiva - Natación - Patín,Corredera Perito Moreno,,,,www.buenosaires.gob.ar/deportes,www.facebook.com/DeportesBA,@DeportesBA,,PROGRAMAS DEPORTIVOS,"Moreno, Perito Av.",,"Torres Y Tenorio, Pres.",Flores,Comuna 7,,,POINT (-58.43469557477467 -34.65042239695131)
-58.35808651245322,-34.61715975640293,52,Plazas Activas,Ritmos,Costanera Sur,,,prensadeportesciudad@gmail.com,www.buenosaires.gob.ar/deportes,www.facebook.com/DeportesBA,@DeportesBA,,PROGRAMAS DEPORTIVOS,Calabria Av.,,"Vera Peñaloza,  Rosario",Puerto Madero,Comuna 1,,,POINT (-58.35808651245322 -34.61715975640293)
-58.39172550813747,-34.58475602437781,3,BA Corre,Entrenamiento Funcional,Derecho,Lunes de 19:00 a 21:00 hs // Miércoles de 19:00 a 21:00 hs // Viernes de 19:00 a 21:00 hs,,prensadeportesciudad@gmail.com,www.buenosaires.gob.ar/deportes,www.facebook.com/DeportesBA,@DeportesBA,,PROGRAMAS DEPORTIVOS,Del Libertador Av.,,Pueyrredon Av.,Recoleta,Comuna 2,,,POINT (-58.39172550813747 -34.58475602437781)
-58.44056655942345,-34.648392093864516,33,Núcleos BA,Básquet - Educación Física Infantil - Vóley,Espacio Juan XXIII,,,,www.buenosaires.gob.ar/deportes,www.facebook.com/DeportesBA,@DeportesBA,,PROGRAMAS DEPORTIVOS,"Bonorino, Esteban, Cnel. Av.",,Riestra Av.,Flores,Comuna 7,,,POINT (-58.44056655942345 -34.648392093864516)
-58.36710375500253,-34.63424830687107,53,Plazas Activas,Gym Local - Ritmos,Flora Nativa,,,prensadeportesciudad@gmail.com,www.buenosaires.gob.ar/deportes,www.facebook.com/DeportesBA,@DeportesBA,,PROGRAMAS DEPORTIVOS,Irala,,"Villafañe, Wenceslao",Boca,Comuna 4,,,POINT (-58.36710375500253 -34.63424830687107)
-58.46684624885634,-34.66477925497305,54,Plazas Activas,Aerolocal,Indoamericano,,,prensadeportesciudad@gmail.com,www.buenosaires.gob.ar/deportes,www.facebook.com/DeportesBA,@DeportesBA,,PROGRAMAS DEPORTIVOS,Escalada Av.,,Castañares Av.,Villa Soldati,Comuna 8,,,POINT (-58.46684624885634 -34.66477925497305)
-58.45708382613452,-34.61546821796315,55,Plazas Activas,Circuit Training - Eutonia - Gym Local - Ritmos - Stretching,Irlanda,,,prensadeportesciudad@gmail.com,www.buenosaires.gob.ar/deportes,www.facebook.com/DeportesBA,@DeportesBA,,PROGRAMAS DEPORTIVOS,Neuquen,,"Segui, F. J., Alte.",Caballito,Comuna 6,,,POINT (-58.45708382613452 -34.61546821796315)
-58.525188284938594,-34.61747652160481,56,Plazas Activas,Cardio Local - Local Total,Las Toscaneras - Villa Real,,,prensadeportesciudad@gmail.com,www.buenosaires.gob.ar/deportes,www.facebook.com/DeportesBA,@DeportesBA,,PROGRAMAS DEPORTIVOS,Moliere,2700,,Villa Real,Comuna 10,,,POINT (-58.525188284938594 -34.61747652160481)
-58.448213400082835,-34.5918741928168,57,Plazas Activas,Gym Local,Los Andes,,,prensadeportesciudad@gmail.com,www.buenosaires.gob.ar/deportes,www.facebook.com/DeportesBA,@DeportesBA,,PROGRAMAS DEPORTIVOS,Corrientes Av.,,Dorrego Av.,Chacarita,Comuna 15,,,POINT (-58.448213400082835 -34.5918741928168)
-58.4460920827054,-34.67326413239732,4,BA Corre,Acondicionamiento Físico - Caminata - Running,Lugano,Martes de 19:00 a 21:00 hs // Jueves de 19:00 a 21:00 hs // Martes de 19:00 a 21:00 hs // Martes de 19:00 a 21:00 hs // Jueves de 19:00 a 21:00 hs // Jueves de 19:00 a 21:00 hs,,prensadeportesciudad@gmail.com,www.buenosaires.gob.ar/deportes,www.facebook.com/DeportesBA,@DeportesBA,,PROGRAMAS DEPORTIVOS,"Roca, Cnel. Av.",4000,,Villa Soldati,Comuna 8,,,POINT (-58.4460920827054 -34.67326413239732)
-58.362914195905674,-34.6091830171982,5,BA Corre,Acondicionamiento Físico - Caminata - Running,Madero,Martes de 19:00 a 20:30 hs // Jueves de 19:00 a 20:30 hs // Martes de 19:00 a 20:30 hs // Jueves de 19:00 a 20:30 hs // Jueves de 19:00 a 20:30 hs // Martes de 19:00 a 20:30 hs,,prensadeportesciudad@gmail.com,www.buenosaires.gob.ar/deportes,www.facebook.com/DeportesBA,@DeportesBA,,PROGRAMAS DEPORTIVOS,Manso Juana,999,,Puerto Madero,Comuna 1,,,POINT (-58.362914195905674 -34.6091830171982)
-58.4085061341957,-34.62619786221348,14,BA Discapacidad,Colonia de Vacaciones - Iniciación Deportiva - Natación,Martin Fierro,Jueves de 15:00 a 18:30 hs // Martes de 15:00 a 18:30 hs // Jueves de 15:00 a 18:30 hs // Sábado de 10:00 a 17:00 hs // Martes de 15:00 a 18:30 hs // Sábado de 10:00 a 17:00 hs // Sábado de 10:00 a 17:00 hs // Martes de 15:00 a 18:30 hs // Jueves de 1,,deportesdiscapacidad@buenosaires.gob.ar,www.buenosaires.gob.ar/deportes,www.facebook.com/DeportesBA,@DeportesBA,,PROGRAMAS DEPORTIVOS,Oruro,1300,,San Cristobal,Comuna 3,,,POINT (-58.4085061341957 -34.62619786221348)
-58.502116618735776,-34.59088606794238,58,Plazas Activas,Gimnasia - Stretching,Martín Rodriguez,,,prensadeportesciudad@gmail.com,www.buenosaires.gob.ar/deportes,www.facebook.com/DeportesBA,@DeportesBA,,PROGRAMAS DEPORTIVOS,Helguera,,Habana,Villa Pueyrredon,Comuna 12,,,POINT (-58.502116618735776 -34.59088606794238)
-58.50598009592102,-34.56520462035058,59,Plazas Activas,Acondicionamiento Físico - Aerolocal - Gimnasia - Ritmos - Stretching,Mujica,,,prensadeportesciudad@gmail.com,www.buenosaires.gob.ar/deportes,www.facebook.com/DeportesBA,@DeportesBA,,PROGRAMAS DEPORTIVOS,Aizpurua,,"Pellegrini, Carlos E.",Saavedra,Comuna 12,,,POINT (-58.50598009592102 -34.56520462035058)
-58.43546561479579,-34.55583427335778,60,Plazas Activas,Gym Local - Stretching,Palermo Golf,,,prensadeportesciudad@gmail.com,www.buenosaires.gob.ar/deportes,www.facebook.com/DeportesBA,@DeportesBA,,PROGRAMAS DEPORTIVOS,"Tornquist, Ernesto Av.",6397,,Palermo,Comuna 14,,,POINT (-58.43546561479579 -34.55583427335778)
-58.43538945282749,-34.555267170340116,6,BA Corre,Acondicionamiento Físico - Caminata - Running,Palermo/Golf,Martes de 08:00 a 10:00 hs // Jueves de 08:00 a 10:00 hs // Martes de 08:00 a 10:00 hs // Jueves de 08:00 a 10:00 hs // Martes de 08:00 a 10:00 hs // Jueves de 08:00 a 10:00 hs,,prensadeportesciudad@gmail.com,www.buenosaires.gob.ar/deportes,www.facebook.com/DeportesBA,@DeportesBA,,PROGRAMAS DEPORTIVOS,"Bello, Andres",,"Tornquist, Ernesto Av.",Palermo,Comuna 14,,,POINT (-58.43538945282749 -34.555267170340116)
-58.436250304273585,-34.60851094085718,7,BA Corre,Acondicionamiento Físico - Caminata - Running,Parque Centenario,Miércoles de 08:00 a 10:00 hs // Viernes de 08:00 a 10:00 hs // Jueves de 19:00 a 21:00 hs // Martes de 19:00 a 21:00 hs // Miércoles de 08:00 a 10:00 hs // Jueves de 19:00 a 21:00 hs // Martes de 19:00 a 21:00 hs // Viernes de 08:00 a 10:00 hs // Vier,,prensadeportesciudad@gmail.com,www.buenosaires.gob.ar/deportes,www.facebook.com/DeportesBA,@DeportesBA,,PROGRAMAS DEPORTIVOS,Campichuelo,,Diaz Velez Av.,Caballito,Comuna 6,,,POINT (-58.436250304273585 -34.60851094085718)
-58.44475792157911,-34.63335159096739,18,Escuela de Guardavidas,Curso de Guardavida,Parque Chacabuco,,4921- 5776,prensadeportesciudad@gmail.com,www.buenosaires.gob.ar/deportes,www.facebook.com/DeportesBA,@DeportesBA,,PROGRAMAS DEPORTIVOS,"Peron, Eva Av.",1410,,Parque Chacabuco,Comuna 7,,,POINT (-58.44475792157911 -34.63335159096739)
-58.44476269009785,-34.63290590599625,85,Polos Deportivos,Bádminton,Parque Chacabuco,Jueves de 18:30 a 19:30 hs // Sábado de 15:00 a 18:00 hs,4010-0300,prensadeportesciudad@gmail.com,http://www.buenosaires.gob.ar/vicejefatura/deportes,facebook.com/deportesba,twitter.com/deportesba,,PROGRAMAS DEPORTIVOS,"Peron, Eva Av.",1410,,Parque Chacabuco,Comuna 7,,,POINT (-58.44476269009785 -34.63290590599625)
-58.44476269009785,-34.63290590599625,83,Polos Deportivos,Gimnasia Deportiva,Parque Chacabuco,Viernes de 17:30 a 20:30 hs // Martes de 17:30 a 20:30 hs // Miércoles de 17:30 a 20:30 hs // Sábado de 16:00 a 21:00 hs // Jueves de 17:30 a 20:30 hs,4010-0300,prensadeportesciudad@gmail.com,http://www.buenosaires.gob.ar/vicejefatura/deportes,facebook.com/deportesba,twitter.com/deportesba,,PROGRAMAS DEPORTIVOS,"Peron, Eva Av.",1410,,Parque Chacabuco,Comuna 7,,,POINT (-58.44476269009785 -34.63290590599625)
-58.44476269009785,-34.63290590599625,84,Polos Deportivos,Boxeo,Parque Chacabuco,Viernes de 16:00 a 18:00 hs // Lunes de 18:30 a 20:30 hs // Miércoles de 18:30 a 20:30 hs,4010-0300,prensadeportesciudad@gmail.com,http://www.buenosaires.gob.ar/vicejefatura/deportes,facebook.com/deportesba,twitter.com/deportesba,,PROGRAMAS DEPORTIVOS,"Peron, Eva Av.",1410,,Parque Chacabuco,Comuna 7,,,POINT (-58.44476269009785 -34.63290590599625)
-58.37069993434969,-34.62560686247054,61,Plazas Activas,Danzas Circulares - Gym Local - Ritmos - Yoga,Parque Lezama,,,prensadeportesciudad@gmail.com,www.buenosaires.gob.ar/deportes,www.facebook.com/DeportesBA,@DeportesBA,,PROGRAMAS DEPORTIVOS,Defensa,,Brasil,San Telmo,Comuna 1,,,POINT (-58.37069993434969 -34.62560686247054)
-58.402092436828084,-34.572731100480404,68,Polideportivos,Ciclismo - Ciclismo Adaptado - Complemento de Pesas - Entrenamiento Funcional - Fútbol - Gimnasia Adultos - Hockey - Patín Carrera - Taekwondo - Tenis - Vóley,Parque Manuel Belgrano (Ex-Kdt),,4807-7700,prensadeportesciudad@gmail.com,www.buenosaires.gob.ar/deportes,www.facebook.com/DeportesBA,@DeportesBA,,PROGRAMAS DEPORTIVOS,"Salguero, Jeronimo",3450,,Palermo,Comuna 14,,,POINT (-58.402092436828084 -34.572731100480404)
-58.432864039941514,-34.616702759962656,62,Plazas Activas,Full Local - Gym Local - Ritmos,Parque Rivadavia,,,prensadeportesciudad@gmail.com,www.buenosaires.gob.ar/deportes,www.facebook.com/DeportesBA,@DeportesBA,,PROGRAMAS DEPORTIVOS,Rivadavia Av.,,Campichuelo,Caballito,Comuna 6,,,POINT (-58.432864039941514 -34.616702759962656)
-58.47740242884635,-34.55031016103607,8,BA Corre,Acondicionamiento Físico - Caminata - Running,Parque Saavedra,Martes de 19:00 a 21:00 hs // Martes de 19:00 a 21:00 hs // Jueves de 19:00 a 21:00 hs // Martes de 19:00 a 21:00 hs // Jueves de 19:00 a 21:00 hs // Jueves de 19:00 a 21:00 hs,,prensadeportesciudad@gmail.com,www.buenosaires.gob.ar/deportes,www.facebook.com/DeportesBA,@DeportesBA,,PROGRAMAS DEPORTIVOS,Garcia Del Rio,,Pinto,Saavedra,Comuna 12,,,POINT (-58.47740242884635 -34.55031016103607)
-58.49830096699435,-34.553320059476675,70,Polideportivos,Atletismo - Bádminton - Entrenamiento Funcional - Fútbol - Gimnasia Artística Femenina - Gimnasio - Judo - Levantamiento de Pesas - Lucha - Newcom - Taekwondo - Tenis - Yoga,Parque Sarmiento,,4547-0882,prensadeportesciudad@gmail.com,www.buenosaires.gob.ar/deportes,www.facebook.com/DeportesBA,@DeportesBA,,PROGRAMAS DEPORTIVOS,"Balbin, Ricardo, Dr. Av.",4750,,Saavedra,Comuna 12,,,POINT (-58.49830096699435 -34.553320059476675)
-58.40561132486957,-34.637120567938176,63,Plazas Activas,Danzas Circulares - Gym Local - Ritmos - Yoga,Patricios,,,prensadeportesciudad@gmail.com,www.buenosaires.gob.ar/deportes,www.facebook.com/DeportesBA,@DeportesBA,,PROGRAMAS DEPORTIVOS,Caseros Av.,,Monteagudo,Parque Patricios,Comuna 4,,,POINT (-58.40561132486957 -34.637120567938176)
-58.51326475276207,-34.59915375242329,9,BA Corre,Acondicionamiento Físico - Caminata - Running,Plaza Arenales,Martes de 19:00 a 21:00 hs // Jueves de 19:00 a 21:00 hs // Jueves de 19:00 a 21:00 hs // Jueves de 19:00 a 21:00 hs // Martes de 19:00 a 21:00 hs // Martes de 19:00 a 21:00 hs,,prensadeportesciudad@gmail.com,www.buenosaires.gob.ar/deportes,www.facebook.com/DeportesBA,@DeportesBA,,PROGRAMAS DEPORTIVOS,Pareja,,Mercedes,Villa Devoto,Comuna 11,,,POINT (-58.51326475276207 -34.59915375242329)
-58.46526139232406,-34.69032685181514,39,Núcleos BA,Entrenamiento Funcional - Hockey,Plaza de la Democracia,,,,www.buenosaires.gob.ar/deportes,www.facebook.com/DeportesBA,@DeportesBA,,PROGRAMAS DEPORTIVOS,"De La Torre, Lisandro",,Beron De Astrada,Villa Lugano,Comuna 8,,,POINT (-58.46526139232406 -34.69032685181514)
-58.39749605534532,-34.598663443158166,10,BA Corre,Acondicionamiento Físico - Caminata - Running,Plaza Houssay,Martes de 09:00 a 20:30 hs // Jueves de 19:00 a 20:30 hs // Martes de 09:00 a 20:30 hs // Jueves de 19:00 a 20:30 hs // Martes de 09:00 a 20:30 hs // Jueves de 19:00 a 20:30 hs,,prensadeportesciudad@gmail.com,www.buenosaires.gob.ar/deportes,www.facebook.com/DeportesBA,@DeportesBA,,PROGRAMAS DEPORTIVOS,Paraguay,,Junin,Recoleta,Comuna 2,,,POINT (-58.39749605534532 -34.598663443158166)
-58.47437315858228,-34.645945618968184,71,Polideportivos,Apoyo Escolar - Atletismo - Básquet - Boxeo - Escuelita de Fútbol (EFI) - Fútbol - Gimnasia Aeróbica - Gimnasia Artística - Musculación - Patín - Taekwondo - Tenis - Vóley,Polideportivo Avellaneda,,4671-5932,prensadeportesciudad@gmail.com,www.buenosaires.gob.ar/deportes,www.facebook.com/DeportesBA,@DeportesBA,,PROGRAMAS DEPORTIVOS,Lacarra Av.,1257,,Parque Avellaneda,Comuna 9,,,POINT (-58.47437315858228 -34.645945618968184)
-58.47422386270446,-34.645812463467976,86,Polos Deportivos,Atletismo,Polideportivo Avellaneda,,4010-0300,prensadeportesciudad@gmail.com,http://www.buenosaires.gob.ar/vicejefatura/deportes,facebook.com/deportesba,twitter.com/deportesba,,PROGRAMAS DEPORTIVOS,Lacarra Av.,1257,,Parque Avellaneda,Comuna 9,,,POINT (-58.47422386270446 -34.645812463467976)
-58.44462286277523,-34.6330462767968,72,Polideportivos,Aerobic Jazz - Aerobox - Ajedrez - Aquagym - Atletismo - Boxeo Recreativo - Caminata - Coro - Danza - Folklore - Fútbol - Gimnasia Adultos Mayores - Gimnasia Artística - Gimnasia Correctiva - Gimnasia Deportiva - Gimnasia Femenina - Gimnasia Funcional,Polideportivo Chacabuco,,4921- 5776,prensadeportesciudad@gmail.com,www.buenosaires.gob.ar/deportes,www.facebook.com/DeportesBA,@DeportesBA,,PROGRAMAS DEPORTIVOS,"Peron, Eva Av.",1410,,Parque Chacabuco,Comuna 7,,,POINT (-58.44462286277523 -34.6330462767968)
-58.44476269009785,-34.63290590599625,87,Polos Deportivos,Patín,Polideportivo Chacabuco,Viernes de 17:30 a 19:30 hs // Sábado de 10:00 a 13:00 hs // Martes de 17:30 a 19:30 hs,4010-0300,prensadeportesciudad@gmail.com,http://www.buenosaires.gob.ar/vicejefatura/deportes,facebook.com/deportesba,twitter.com/deportesba,,PROGRAMAS DEPORTIVOS,"Peron, Eva Av.",1410,,Parque Chacabuco,Comuna 7,,,POINT (-58.44476269009785 -34.63290590599625)
-58.44476269009785,-34.63290590599625,88,Polos Deportivos,Esgrima,Polideportivo Chacabuco,Jueves de 18:30 a 19:30 hs // Sábado de 13:00 a 16:00 hs,4010-0300,prensadeportesciudad@gmail.com,http://www.buenosaires.gob.ar/vicejefatura/deportes,facebook.com/deportesba,twitter.com/deportesba,,PROGRAMAS DEPORTIVOS,"Peron, Eva Av.",1410,,Parque Chacabuco,Comuna 7,,,POINT (-58.44476269009785 -34.63290590599625)
-58.44500207384208,-34.57931194188228,73,Polideportivos,Acondicionamiento Deportivo - Bádminton - Básquet - Caminata Aeróbica - Escuelita de Fútbol (EFI) - Esgrima - Folklore - Fútbol Adolescente - Fútbol Femenino - Fútbol Infantil - Gimnasia Adultos Mayores - Gimnasia Aero Localizada - Gimnasia Locali,Polideportivo Colegiales,,4555-7074,prensadeportesciudad@gmail.com,www.buenosaires.gob.ar/deportes,www.facebook.com/DeportesBA,@DeportesBA,,PROGRAMAS DEPORTIVOS,"Freire, Ramon, Cap. Gral.",234,,Colegiales,Comuna 13,,,POINT (-58.44500207384208 -34.57931194188228)
-58.44517815121372,-34.579009235576564,90,Polos Deportivos,Fútbol,Polideportivo Colegiales,Viernes de 18:00 a 20:30 hs // Lunes de 18:00 a 20:30 hs,4010-0300,prensadeportesciudad@gmail.com,http://www.buenosaires.gob.ar/vicejefatura/deportes,facebook.com/deportesba,twitter.com/deportesba,,PROGRAMAS DEPORTIVOS,"Freire, Ramon, Cap. Gral.",234,,Colegiales,Comuna 13,,,POINT (-58.44517815121372 -34.579009235576564)
-58.44517815121372,-34.579009235576564,89,Polos Deportivos,Hándball,Polideportivo Colegiales,Miércoles de 17:30 a 20:30 hs // Viernes de 17:30 a 20:30 hs,4010-0300,prensadeportesciudad@gmail.com,http://www.buenosaires.gob.ar/vicejefatura/deportes,facebook.com/deportesba,twitter.com/deportesba,,PROGRAMAS DEPORTIVOS,"Freire, Ramon, Cap. Gral.",234,,Colegiales,Comuna 13,,,POINT (-58.44517815121372 -34.579009235576564)
-58.477005846316395,-34.591672872874554,74,Polideportivos,Complemento de Pesas - Coro - Fútbol - Gimnasia - Levantamiento de Pesas - Tenis,Polideportivo Costa Rica,,4521-8063,prensadeportesciudad@gmail.com,www.buenosaires.gob.ar/deportes,www.facebook.com/DeportesBA,@DeportesBA,,PROGRAMAS DEPORTIVOS,De Los Constituyentes Av.,3050,,Agronomia,Comuna 15,,,POINT (-58.477005846316395 -34.591672872874554)
-58.476967976346685,-34.591493021566635,91,Polos Deportivos,Pesas,Polideportivo Costa Rica,Martes de 16:00 a 19:00 hs // Jueves de 16:00 a 19:00 hs,4010-0300,prensadeportesciudad@gmail.com,http://www.buenosaires.gob.ar/vicejefatura/deportes,facebook.com/deportesba,twitter.com/deportesba,,PROGRAMAS DEPORTIVOS,De Los Constituyentes Av.,3050,,Agronomia,Comuna 15,,,POINT (-58.476967976346685 -34.591493021566635)
-58.37453318281138,-34.64686162591949,75,Polideportivos,Básquet - Entrenamiento Funcional - Escuelita de Fútbol (EFI) - Fútbol - Fútbol Femenino Recreativo - Gimnasia Adultos - Gimnasia Rítmica - Hándball - Patín Artístico - Taller de Salud Mental - Tenis - Vóley,Polideportivo Don Pepe,,4302-1618,prensadeportesciudad@gmail.com,www.buenosaires.gob.ar/deportes,www.facebook.com/DeportesBA,@DeportesBA,,PROGRAMAS DEPORTIVOS,"Hornos, Gral.",1800,,Barracas,Comuna 4,,,POINT (-58.37453318281138 -34.64686162591949)
-58.49506349508334,-34.66675849483275,40,Núcleos BA,Artes Marciales - Boxeo - Defensa Personal - Fútbol,Polideportivo Dorrego,,,,www.buenosaires.gob.ar/deportes,www.facebook.com/DeportesBA,@DeportesBA,,PROGRAMAS DEPORTIVOS,Monte,,"De La Torre, Lisandro Av.",Mataderos,Comuna 9,,,POINT (-58.49506349508334 -34.66675849483275)
-58.49546251756975,-34.66680495701317,76,Polideportivos,Aeróbica - Básquet - Crossfit - Entrenamiento - Escuelita de Fútbol (EFI) - Fútbol - Gimnasia Artística - Running - Tenis - Vóley,Polideportivo Dorrego,,4687- 6823,prensadeportesciudad@gmail.com,www.buenosaires.gob.ar/deportes,www.facebook.com/DeportesBA,@DeportesBA,,PROGRAMAS DEPORTIVOS,Monte,,"De La Torre, Lisandro Av.",Mataderos,Comuna 9,,,POINT (-58.49546251756975 -34.66680495701317)
-58.40849746051827,-34.626088721984715,77,Polideportivos,Entrenamiento Funcional - Gimnasia Adultos - Gimnasia Deportiva - Gimnasia Localizada - Natación - Ritmos,Polideportivo Martin Fierro,,4941-2054,prensadeportesciudad@gmail.com,www.buenosaires.gob.ar/deportes,www.facebook.com/DeportesBA,@DeportesBA,,PROGRAMAS DEPORTIVOS,Oruro,1300,,San Cristobal,Comuna 3,,,POINT (-58.40849746051827 -34.626088721984715)
-58.51373174590506,-34.594465193876225,78,Polideportivos,Aerolocal - Básquet - Entrenamiento Funcional - Fútbol - Gimnasia - Gimnasia Aeróbica - Hándball - Hockey - Newcom - Tenis - Vóley,Polideportivo Onega,,4504-2711,prensadeportesciudad@gmail.com,www.buenosaires.gob.ar/deportes,www.facebook.com/DeportesBA,@DeportesBA,,PROGRAMAS DEPORTIVOS,"Mistral, Gabriela",3819,,Villa Devoto,Comuna 11,,,POINT (-58.51373174590506 -34.594465193876225)
-58.40887086489364,-34.6395535888878,79,Polideportivos,Aeróbica - Ajedrez - Básquet - Boxeo - Coro - Escuelita de Fútbol (EFI) - Folklore - Fútbol Adolescente - Fútbol Infantil - Gimnasia Adultos Mayores - Gimnasia Aeróbica - Gimnasia Artística - Guitarra - Hándball - Musculación - Stretching - Taek,Polideportivo Patricios,,4911-4642,prensadeportesciudad@gmail.com,www.buenosaires.gob.ar/deportes,www.facebook.com/DeportesBA,@DeportesBA,,PROGRAMAS DEPORTIVOS,Pepiri,135,,Parque Patricios,Comuna 4,,,POINT (-58.40887086489364 -34.6395535888878)
-58.40865845055887,-34.639583570474684,94,Polos Deportivos,Fútbol,Polideportivo Patricios,Miércoles de 17:00 a 20:00 hs,4010-0300,prensadeportesciudad@gmail.com,http://www.buenosaires.gob.ar/vicejefatura/deportes,facebook.com/deportesba,twitter.com/deportesba,,PROGRAMAS DEPORTIVOS,Pepiri,135,,Parque Patricios,Comuna 4,,,POINT (-58.40865845055887 -34.639583570474684)
-58.40865845055887,-34.63958357047469,93,Polos Deportivos,Tenis,Polideportivo Patricios,,4010-0300,prensadeportesciudad@gmail.com,http://www.buenosaires.gob.ar/vicejefatura/deportes,facebook.com/deportesba,twitter.com/deportesba,,PROGRAMAS DEPORTIVOS,Pepiri,135,,Parque Patricios,Comuna 4,,,POINT (-58.40865845055887 -34.63958357047469)
-58.40865845055887,-34.639583570474684,92,Polos Deportivos,Natación,Polideportivo Patricios,Viernes de 18:00 a 20:00 hs // Lunes de 18:00 a 20:00 hs // Sábado de 10:00 a 13:00 hs,4010-0300,prensadeportesciudad@gmail.com,http://www.buenosaires.gob.ar/vicejefatura/deportes,facebook.com/deportesba,twitter.com/deportesba,,PROGRAMAS DEPORTIVOS,Pepiri,135,,Parque Patricios,Comuna 4,,,POINT (-58.40865845055887 -34.639583570474684)
-58.3893810465313,-34.649271439237204,80,Polideportivos,Ajedrez - Básquet - Coordinacion Deportiva - Escuelita de Fútbol (EFI) - Fútbol Adolescente Femenino - Fútbol Adolescente Masculino - Fútbol Infantil - Fútbol para Adultos - Gimnasia Adultos Mayores - Gimnasia Modeladora - Hockey - Recreación - Te,Polideportivo Pereyra,,4301-3700,prensadeportesciudad@gmail.com,www.buenosaires.gob.ar/deportes,www.facebook.com/DeportesBA,@DeportesBA,,PROGRAMAS DEPORTIVOS,Velez Sarsfield Av.,1271,,Barracas,Comuna 4,,,POINT (-58.3893810465313 -34.649271439237204)
-58.389290773825046,-34.649017214376975,95,Polos Deportivos,Hockey,Polideportivo Pereyra,,4010-0300,prensadeportesciudad@gmail.com,http://www.buenosaires.gob.ar/vicejefatura/deportes,facebook.com/deportesba,twitter.com/deportesba,,PROGRAMAS DEPORTIVOS,Velez Sarsfield Av.,1271,,Barracas,Comuna 4,,,POINT (-58.389290773825046 -34.649017214376975)
-58.491215049576866,-34.62216077292436,81,Polideportivos,Ajedrez - Bádminton - Básquet - Escuelita de Fútbol (EFI) - Fútbol - Fútbol Infantil - Gimnasia Adultos Mayores - Gimnasia Artística - Gimnasia Modeladora - Gimnasia Rítmica - Hándball - Hockey - Karate - Newcom - Stretching - Tenis - Vóley Adul,Polideportivo Pomar,,4568-0184,prensadeportesciudad@gmail.com,www.buenosaires.gob.ar/deportes,www.facebook.com/DeportesBA,@DeportesBA,,PROGRAMAS DEPORTIVOS,Mercedes,1300,,Floresta,Comuna 10,,,POINT (-58.491215049576866 -34.62216077292436)
-58.513200645991766,-34.64633763177949,82,Polideportivos,Básquet - Educación Física Infantil - Entrenamiento Alternativo - Entrenamiento Funcional - Fútbol - G.A.P. - Gimnasia Aero Localizada - Gimnasia Localizada - Hándball - Hockey - Iniciación Deportiva - Ritmos Latinos - Taekwondo - Tenis - Vóley -,Polideportivo Santojanni,,4641-2462,prensadeportesciudad@gmail.com,www.buenosaires.gob.ar/deportes,www.facebook.com/DeportesBA,@DeportesBA,,PROGRAMAS DEPORTIVOS,Patron,6222,,Liniers,Comuna 9,,,POINT (-58.513200645991766 -34.64633763177949)
-58.513665543860284,-34.646542969990556,97,Polos Deportivos,Hockey,Polideportivo Santojanni,Martes de 17:30 a 19:30 hs // Viernes de 17:30 a 19:30 hs,4010-0300,prensadeportesciudad@gmail.com,http://www.buenosaires.gob.ar/vicejefatura/deportes,facebook.com/deportesba,twitter.com/deportesba,,PROGRAMAS DEPORTIVOS,Patron,6222,,Liniers,Comuna 9,,,POINT (-58.513665543860284 -34.646542969990556)
-58.513665543860284,-34.646542969990556,96,Polos Deportivos,Tenis,Polideportivo Santojanni,Martes de 17:30 a 19:30 hs // Jueves de 17:30 a 19:30 hs,4010-0300,prensadeportesciudad@gmail.com,http://www.buenosaires.gob.ar/vicejefatura/deportes,facebook.com/deportesba,twitter.com/deportesba,,PROGRAMAS DEPORTIVOS,Patron,6222,,Liniers,Comuna 9,,,POINT (-58.513665543860284 -34.646542969990556)
-58.44503622931571,-34.668712487562374,41,Núcleos BA,Atletismo - Fútbol - Vóley,Portal Lacarra,,,,www.buenosaires.gob.ar/deportes,www.facebook.com/DeportesBA,@DeportesBA,,PROGRAMAS DEPORTIVOS,Lacarra Av.,3500,,Villa Soldati,Comuna 8,,,POINT (-58.44503622931571 -34.668712487562374)
-58.44132809106522,-34.55074802191098,15,BA Discapacidad,Colonia de Vacaciones - Teatro,Ramsay,Martes de 15:00 a 18:30 hs // Viernes de 15:00 a 18:30 hs // Viernes de 15:00 a 18:30 hs // Sábado de 10:00 a 17:00 hs // Martes de 15:00 a 18:30 hs // Sábado de 10:00 a 17:00 hs,,deportesdiscapacidad@buenosaires.gob.ar,www.buenosaires.gob.ar/deportes,www.facebook.com/DeportesBA,@DeportesBA,,PROGRAMAS DEPORTIVOS,Ramsay,2250,,Belgrano,Comuna 13,,,POINT (-58.44132809106522 -34.55074802191098)
-58.432787601655725,-34.61701823783958,64,Plazas Activas,Full Local - Gym Local - Ritmos,Rivadavia,,,prensadeportesciudad@gmail.com,www.buenosaires.gob.ar/deportes,www.facebook.com/DeportesBA,@DeportesBA,,PROGRAMAS DEPORTIVOS,Rivadavia Av.,,Campichuelo,Caballito,Comuna 6,,,POINT (-58.432787601655725 -34.61701823783958)
-58.411870002058656,-34.571368930856245,11,BA Corre,Acondicionamiento Físico - Caminata - Running,Rosedal,Martes de 19:00 a 21:00 hs // Jueves de 19:00 a 21:00 hs // Jueves de 19:00 a 21:00 hs // Martes de 19:00 a 21:00 hs // Jueves de 19:00 a 21:00 hs // Martes de 19:00 a 21:00 hs,,prensadeportesciudad@gmail.com,www.buenosaires.gob.ar/deportes,www.facebook.com/DeportesBA,@DeportesBA,,PROGRAMAS DEPORTIVOS,"Figueroa Alcorta, Pres. Av.",,Sarmiento Av.,Palermo,Comuna 14,,,POINT (-58.411870002058656 -34.571368930856245)
-58.41230425709167,-34.572161491512304,65,Plazas Activas,Entrenamiento Funcional - Gimnasia Correctiva - Gym Local - Patín - Ritmos - Stretching - Yoga,Rosedal,,,prensadeportesciudad@gmail.com,www.buenosaires.gob.ar/deportes,www.facebook.com/DeportesBA,@DeportesBA,,PROGRAMAS DEPORTIVOS,Sarmiento Av.,3901,,Palermo,Comuna 14,,,POINT (-58.41230425709167 -34.572161491512304)
-58.39376624817436,-34.58365032816351,66,Plazas Activas,Gimnasia Postural - Gym Local - Ritmos - Stretching - Yoga,Ruben Dario,,,prensadeportesciudad@gmail.com,www.buenosaires.gob.ar/deportes,www.facebook.com/DeportesBA,@DeportesBA,,PROGRAMAS DEPORTIVOS,"Agote, Luis Dr.",,Del Libertador Av.,Recoleta,Comuna 2,,,POINT (-58.39376624817436 -34.58365032816351)
-58.48010009329343,-34.551238463432384,67,Plazas Activas,Cardio Gym - Gimnasia - Yoga,Saavedra,,,prensadeportesciudad@gmail.com,www.buenosaires.gob.ar/deportes,www.facebook.com/DeportesBA,@DeportesBA,,PROGRAMAS DEPORTIVOS,Garcia Del Rio,,Melian Av.,Saavedra,Comuna 12,,,POINT (-58.48010009329343 -34.551238463432384)
-58.49830096699435,-34.553320059476675,16,BA Discapacidad,Colonia de Vacaciones,Sarmiento,Sábado de 10:00 a 17:00 hs,,deportesdiscapacidad@buenosaires.gob.ar,www.buenosaires.gob.ar/deportes,www.facebook.com/DeportesBA,@DeportesBA,,PROGRAMAS DEPORTIVOS,"Balbin, Ricardo, Dr. Av.",4750,,Saavedra,Comuna 12,,,POINT (-58.49830096699435 -34.553320059476675)
-58.452809453389165,-34.664113320604294,38,Núcleos BA,Básquet - Vóley,Villa Piletones,,,,www.buenosaires.gob.ar/deportes,www.facebook.com/DeportesBA,@DeportesBA,,PROGRAMAS DEPORTIVOS,Lacarra Av.,,"Barros Pazos, Jose",Villa Soldati,Comuna 8,,,POINT (-58.452809453389165 -34.664113320604294)
