fna,gna,nam,dir,bar,com,tel,web,sag,geometry
Sede Comunal 1,Sede Comunal,Comunal 1,Humberto 1° 250,San Telmo,1,,https://buenosaires.gob.ar/jefaturadegabinete/atencion-ciudadana-y-gestion-comunal/gestion-comunal/comuna-1,Secretaría de Innovación y Transformación Digital,POINT (28615.885145573622 70947.088427481)
Subsede Comunal 2,Subsede Comunal,Comunal 2,"Lopez, Vicente 2050, 3 piso",Recoleta,2,4808-7300,https://buenosaires.gob.ar/jefaturadegabinete/atencion-ciudadana-y-gestion-comunal/gestion-comunal/comuna-2,Secretaría de Innovación y Transformación Digital,POINT (26375.33632060788 74454.15121550763)
Sede Comunal 2,Sede Comunal,Comunal 2,"Uriburu Jose E., Pres. 1022",Recoleta,2,4370-9702,https://buenosaires.gob.ar/jefaturadegabinete/atencion-ciudadana-y-gestion-comunal/gestion-comunal/comuna-2,Secretaría de Innovación y Transformación Digital,POINT (25905.02372226815 73615.83360385906)
Sede Comunal 3,Sede Comunal,Comunal 3,Sarandi 1273,San Cristobal,3,4304-5153,https://buenosaires.gob.ar/jefaturadegabinete/atencion-ciudadana-y-gestion-comunal/gestion-comunal/comuna-3,Secretaría de Innovación y Transformación Digital,POINT (26374.816138733575 70610.78725884411)
Subsede Comunal 3,Subsede Comunal,Comunal 3,Moreno 2301,Balvanera,3,4304-5153,https://buenosaires.gob.ar/jefaturadegabinete/atencion-ciudadana-y-gestion-comunal/gestion-comunal/comuna-3,Secretaría de Innovación y Transformación Digital,POINT (25894.893117844793 71802.38369091408)
Sede Comunal 4,Sede Comunal,Comunal 4,Barco Centenera Del 2906,Nueva Pompeya,4,4918-2243/1815/8920-4949 9024 int 105,https://buenosaires.gob.ar/jefaturadegabinete/atencion-ciudadana-y-gestion-comunal/gestion-comunal/comuna-4,Secretaría de Innovación y Transformación Digital,POINT (23543.43219201507 67663.1892085707)
Unidad de Atención Ciudadana Comuna 4,Unidad de Atención Ciudadana,Comuna 4,"Garcia, Martin Av. 464",Barracas,4,,https://buenosaires.gob.ar/jefaturadegabinete/atencion-ciudadana-y-gestion-comunal/gestion-comunal/comuna-4,Secretaría de Innovación y Transformación Digital,POINT (28436.839100272708 69885.14860329639)
Sede Comunal 5,Sede Comunal,Comunal 5,"Calvo, Carlos 3307",Boedo,5,4931- 0667 (int. 307 y 308).,https://buenosaires.gob.ar/jefaturadegabinete/atencion-ciudadana-y-gestion-comunal/gestion-comunal/comuna-5,Secretaría de Innovación y Transformación Digital,POINT (24675.594000900375 70712.04482092574)
Sede Comunal 13,Sede Comunal,Comunal 13,"Cabildo Av. 3067, 1 piso",Nuñez,13,4702-3748 / 9,https://buenosaires.gob.ar/jefaturadegabinete/atencion-ciudadana-y-gestion-comunal/gestion-comunal/comuna-13,Secretaría de Innovación y Transformación Digital,POINT (19943.349248223312 78378.47478114767)
Sede Comunal 14,Sede Comunal,Comunal 14,Beruti 3325,Palermo,14,4827-5957 / 4827-5954,https://buenosaires.gob.ar/jefaturadegabinete/atencion-ciudadana-y-gestion-comunal/gestion-comunal/comuna-14,Secretaría de Innovación y Transformación Digital,POINT (24954.201381838044 74669.90647215681)
Sede Comunal 6,Sede Comunal,Comunal 6,Patricias Argentinas Av. 277,Caballito,6,4958-6504 / 7660 / 7047,https://buenosaires.gob.ar/jefaturadegabinete/atencion-ciudadana-y-gestion-comunal/gestion-comunal/comuna-6,Secretaría de Innovación y Transformación Digital,POINT (22813.63423196825 72580.01502511473)
Sede Comunal 7,Sede Comunal,Comunal 7,Rivadavia Av. 7202,Flores,7,4637-2355 / 4145 / 6902 / 4613-1530,https://buenosaires.gob.ar/jefaturadegabinete/atencion-ciudadana-y-gestion-comunal/gestion-comunal/comuna-7,Secretaría de Innovación y Transformación Digital,POINT (19667.32462263185 69893.55338247986)
Subsede Comunal 7,Subsede Comunal,Comunal 7,"Mitre, Emilio 956",Parque Chacabuco,7,4923-5021,https://buenosaires.gob.ar/jefaturadegabinete/atencion-ciudadana-y-gestion-comunal/gestion-comunal/comuna-7,Secretaría de Innovación y Transformación Digital,POINT (22040.403972152573 69669.5811558699)
Sede Comunal 8,Sede Comunal,Comunal 8,"Roca, Cnel. Av. 5252",Villa Riachuelo,8,4605-1735 / 2631,https://buenosaires.gob.ar/jefaturadegabinete/atencion-ciudadana-y-gestion-comunal/gestion-comunal/comuna-8,Secretaría de Innovación y Transformación Digital,POINT (20748.440779306744 63832.111629342224)
Sede Comunal 9,Sede Comunal,Comunal 9,"Gordillo, Timoteo 2212",Mataderos,9,4687-2569/2570/2512,https://buenosaires.gob.ar/jefaturadegabinete/atencion-ciudadana-y-gestion-comunal/gestion-comunal/comuna-9,Secretaría de Innovación y Transformación Digital,POINT (16180.01010643745 66632.62503366142)
Subsede Comunal 9,Subsede Comunal,Comunal 9,Directorio Av. 4360,Parque Avellaneda,9,4671-0804 / 4636-2022,https://buenosaires.gob.ar/jefaturadegabinete/atencion-ciudadana-y-gestion-comunal/gestion-comunal/comuna-9,Secretaría de Innovación y Transformación Digital,POINT (18011.435019321732 68151.52941189303)
Sede Comunal 10,Sede Comunal,Comunal 10,Bacacay 3968,Floresta,10,4636-2898 / 2490 / 2398 / 2262 / 1678,https://buenosaires.gob.ar/jefaturadegabinete/atencion-ciudadana-y-gestion-comunal/gestion-comunal/comuna-10,Secretaría de Innovación y Transformación Digital,POINT (18145.749109462053 69707.24172346744)
Sede Comunal 11,Sede Comunal,Comunal 11,"Beiro, Francisco Av. 4680",Villa Devoto,11,4501-5583/0287 / 4504-5019 / 4587-6240,https://buenosaires.gob.ar/jefaturadegabinete/atencion-ciudadana-y-gestion-comunal/gestion-comunal/comuna-11,Secretaría de Innovación y Transformación Digital,POINT (15139.947765887486 72265.78175878928)
Subsede Comunal 11,Subsede Comunal,Comunal 11,"Gutierrez, Ricardo 3254",Villa Del Parque,11,4503-3959,https://buenosaires.gob.ar/jefaturadegabinete/atencion-ciudadana-y-gestion-comunal/gestion-comunal/comuna-11,Secretaría de Innovación y Transformación Digital,POINT (17018.377122781436 73042.24512243891)
Sede Comunal 12,Sede Comunal,Comunal 12,Holmberg 2548,Villa Urquiza,12,5197-6183,https://buenosaires.gob.ar/jefaturadegabinete/atencion-ciudadana-y-gestion-comunal/gestion-comunal/comuna-12,Secretaría de Innovación y Transformación Digital,POINT (18676.707673807046 76739.89246639254)
Sede Comunal 15,Sede Comunal,Comunal 15,Cordoba Av. 5690,Chacarita,15,4771-1960 / 4771-0750 / 4772-6398 / 4771-1306,https://buenosaires.gob.ar/jefaturadegabinete/atencion-ciudadana-y-gestion-comunal/gestion-comunal/comuna-15,Secretaría de Innovación y Transformación Digital,POINT (22006.163268197997 74684.05127480984)
